Time,Demand Electric Power (kW),PV Electric Power (kW)
01/01/2018 00:00,1.2,0
01/01/2018 00:01,1.278,0
01/01/2018 00:02,1.191,0
01/01/2018 00:03,1.117,0
01/01/2018 00:04,1.041,0
01/01/2018 00:05,1.035,0
01/01/2018 00:06,1.225,0
01/01/2018 00:07,1.274,0
01/01/2018 00:08,1.159,0
01/01/2018 00:09,1.068,0
01/01/2018 00:10,1.262,0
01/01/2018 00:11,1.047,0
01/01/2018 00:12,1.104,0
01/01/2018 00:13,1.237,0
01/01/2018 00:14,0.95,0
01/01/2018 00:15,0.732,0
01/01/2018 00:16,0.635,0
01/01/2018 00:17,0.704,0
01/01/2018 00:18,0.686,0
01/01/2018 00:19,0.713,0
01/01/2018 00:20,0.763,0
01/01/2018 00:21,0.617,0
01/01/2018 00:22,0.835,0
01/01/2018 00:23,0.766,0
01/01/2018 00:24,0.778,0
01/01/2018 00:25,0.81,0
01/01/2018 00:26,0.772,0
01/01/2018 00:27,0.778,0
01/01/2018 00:28,0.701,0
01/01/2018 00:29,0.551,0
01/01/2018 00:30,0.117,0
01/01/2018 00:31,0.053,0
01/01/2018 00:32,0,0
01/01/2018 00:33,0.156,0
01/01/2018 00:34,0.073,0
01/01/2018 00:35,0.027,0
01/01/2018 00:36,0.026,0
01/01/2018 00:37,0.157,0
01/01/2018 00:38,0.166,0
01/01/2018 00:39,0.262,0
01/01/2018 00:40,0.129,0
01/01/2018 00:41,0.234,0
01/01/2018 00:42,0.27,0
01/01/2018 00:43,0.245,0
01/01/2018 00:44,0,0
01/01/2018 00:45,0.123,0
01/01/2018 00:46,0.034,0
01/01/2018 00:47,0.042,0
01/01/2018 00:48,0.037,0
01/01/2018 00:49,0.038,0
01/01/2018 00:50,0.032,0
01/01/2018 00:51,0,0
01/01/2018 00:52,0,0
01/01/2018 00:53,0,0
01/01/2018 00:54,0,0
01/01/2018 00:55,0.108,0
01/01/2018 00:56,0,0
01/01/2018 00:57,0.008,0
01/01/2018 00:58,0,0
01/01/2018 00:59,0,0
01/01/2018 01:00,1.444,0
01/01/2018 01:01,1.296,0
01/01/2018 01:02,1.475,0
01/01/2018 01:03,1.434,0
01/01/2018 01:04,1.326,0
01/01/2018 01:05,1.205,0
01/01/2018 01:06,1.496,0
01/01/2018 01:07,1.415,0
01/01/2018 01:08,1.392,0
01/01/2018 01:09,1.421,0
01/01/2018 01:10,1.627,0
01/01/2018 01:11,1.44,0
01/01/2018 01:12,1.454,0
01/01/2018 01:13,1.296,0
01/01/2018 01:14,1.61,0
01/01/2018 01:15,1.771,0
01/01/2018 01:16,1.786,0
01/01/2018 01:17,1.684,0
01/01/2018 01:18,1.771,0
01/01/2018 01:19,1.716,0
01/01/2018 01:20,1.74,0
01/01/2018 01:21,1.664,0
01/01/2018 01:22,1.532,0
01/01/2018 01:23,1.782,0
01/01/2018 01:24,1.485,0
01/01/2018 01:25,1.655,0
01/01/2018 01:26,1.659,0
01/01/2018 01:27,1.575,0
01/01/2018 01:28,1.74,0
01/01/2018 01:29,1.659,0
01/01/2018 01:30,1.092,0
01/01/2018 01:31,1.187,0
01/01/2018 01:32,1.088,0
01/01/2018 01:33,1.274,0
01/01/2018 01:34,1.17,0
01/01/2018 01:35,1.088,0
01/01/2018 01:36,0.941,0
01/01/2018 01:37,1.005,0
01/01/2018 01:38,1.244,0
01/01/2018 01:39,1.13,0
01/01/2018 01:40,1.107,0
01/01/2018 01:41,1.3,0
01/01/2018 01:42,1.007,0
01/01/2018 01:43,1.077,0
01/01/2018 01:44,1.088,0
01/01/2018 01:45,1.364,0
01/01/2018 01:46,1.239,0
01/01/2018 01:47,1.244,0
01/01/2018 01:48,1.145,0
01/01/2018 01:49,1.379,0
01/01/2018 01:50,1.386,0
01/01/2018 01:51,1.258,0
01/01/2018 01:52,1.322,0
01/01/2018 01:53,1.176,0
01/01/2018 01:54,1.258,0
01/01/2018 01:55,1.443,0
01/01/2018 01:56,1.319,0
01/01/2018 01:57,1.537,0
01/01/2018 01:58,1.227,0
01/01/2018 01:59,1.364,0
01/01/2018 02:00,1.035,0
01/01/2018 02:01,1.111,0
01/01/2018 02:02,1.054,0
01/01/2018 02:03,0.999,0
01/01/2018 02:04,0.968,0
01/01/2018 02:05,1.361,0
01/01/2018 02:06,1.047,0
01/01/2018 02:07,0.853,0
01/01/2018 02:08,0.99,0
01/01/2018 02:09,1.123,0
01/01/2018 02:10,1.005,0
01/01/2018 02:11,1.191,0
01/01/2018 02:12,1.155,0
01/01/2018 02:13,1.04,0
01/01/2018 02:14,1.008,0
01/01/2018 02:15,1.657,0
01/01/2018 02:16,1.687,0
01/01/2018 02:17,1.61,0
01/01/2018 02:18,1.878,0
01/01/2018 02:19,1.916,0
01/01/2018 02:20,1.632,0
01/01/2018 02:21,1.639,0
01/01/2018 02:22,1.58,0
01/01/2018 02:23,1.661,0
01/01/2018 02:24,1.447,0
01/01/2018 02:25,1.643,0
01/01/2018 02:26,1.887,0
01/01/2018 02:27,1.723,0
01/01/2018 02:28,1.843,0
01/01/2018 02:29,1.708,0
01/01/2018 02:30,1.626,0
01/01/2018 02:31,1.47,0
01/01/2018 02:32,1.412,0
01/01/2018 02:33,1.705,0
01/01/2018 02:34,1.417,0
01/01/2018 02:35,1.328,0
01/01/2018 02:36,1.47,0
01/01/2018 02:37,1.446,0
01/01/2018 02:38,1.556,0
01/01/2018 02:39,1.358,0
01/01/2018 02:40,1.53,0
01/01/2018 02:41,1.535,0
01/01/2018 02:42,1.383,0
01/01/2018 02:43,1.466,0
01/01/2018 02:44,1.367,0
01/01/2018 02:45,0.235,0
01/01/2018 02:46,0,0
01/01/2018 02:47,0,0
01/01/2018 02:48,0,0
01/01/2018 02:49,0,0
01/01/2018 02:50,0,0
01/01/2018 02:51,0.077,0
01/01/2018 02:52,0,0
01/01/2018 02:53,0,0
01/01/2018 02:54,0,0
01/01/2018 02:55,0,0
01/01/2018 02:56,0.276,0
01/01/2018 02:57,0.104,0
01/01/2018 02:58,0,0
01/01/2018 02:59,0,0
01/01/2018 03:00,1.437,0
01/01/2018 03:01,1.532,0
01/01/2018 03:02,1.538,0
01/01/2018 03:03,1.46,0
01/01/2018 03:04,1.406,0
01/01/2018 03:05,1.677,0
01/01/2018 03:06,1.58,0
01/01/2018 03:07,1.497,0
01/01/2018 03:08,1.512,0
01/01/2018 03:09,1.481,0
01/01/2018 03:10,1.241,0
01/01/2018 03:11,1.546,0
01/01/2018 03:12,1.427,0
01/01/2018 03:13,1.434,0
01/01/2018 03:14,1.47,0
01/01/2018 03:15,0.158,0
01/01/2018 03:16,0,0
01/01/2018 03:17,0,0
01/01/2018 03:18,0.149,0
01/01/2018 03:19,0.16,0
01/01/2018 03:20,0,0
01/01/2018 03:21,0.141,0
01/01/2018 03:22,0.056,0
01/01/2018 03:23,0.115,0
01/01/2018 03:24,0,0
01/01/2018 03:25,0.168,0
01/01/2018 03:26,0.205,0
01/01/2018 03:27,0.148,0
01/01/2018 03:28,0.141,0
01/01/2018 03:29,0,0
01/01/2018 03:30,1.332,0
01/01/2018 03:31,1.303,0
01/01/2018 03:32,1.291,0
01/01/2018 03:33,1.243,0
01/01/2018 03:34,1.311,0
01/01/2018 03:35,1.347,0
01/01/2018 03:36,1.28,0
01/01/2018 03:37,1.26,0
01/01/2018 03:38,1.429,0
01/01/2018 03:39,1.195,0
01/01/2018 03:40,1.409,0
01/01/2018 03:41,1.324,0
01/01/2018 03:42,1.225,0
01/01/2018 03:43,1.277,0
01/01/2018 03:44,1.214,0
01/01/2018 03:45,0.601,0
01/01/2018 03:46,0.569,0
01/01/2018 03:47,0.478,0
01/01/2018 03:48,0.424,0
01/01/2018 03:49,0.564,0
01/01/2018 03:50,0.63,0
01/01/2018 03:51,0.523,0
01/01/2018 03:52,0.576,0
01/01/2018 03:53,0.496,0
01/01/2018 03:54,0.541,0
01/01/2018 03:55,0.505,0
01/01/2018 03:56,0.563,0
01/01/2018 03:57,0.383,0
01/01/2018 03:58,0.598,0
01/01/2018 03:59,0.511,0
01/01/2018 04:00,1.583,0
01/01/2018 04:01,1.513,0
01/01/2018 04:02,1.579,0
01/01/2018 04:03,1.44,0
01/01/2018 04:04,1.666,0
01/01/2018 04:05,1.377,0
01/01/2018 04:06,1.443,0
01/01/2018 04:07,1.571,0
01/01/2018 04:08,1.694,0
01/01/2018 04:09,1.575,0
01/01/2018 04:10,1.523,0
01/01/2018 04:11,1.405,0
01/01/2018 04:12,1.528,0
01/01/2018 04:13,1.545,0
01/01/2018 04:14,1.716,0
01/01/2018 04:15,2.166,0
01/01/2018 04:16,1.951,0
01/01/2018 04:17,2.307,0
01/01/2018 04:18,2.065,0
01/01/2018 04:19,2.016,0
01/01/2018 04:20,2.252,0
01/01/2018 04:21,2.099,0
01/01/2018 04:22,2.067,0
01/01/2018 04:23,2.126,0
01/01/2018 04:24,2.189,0
01/01/2018 04:25,2.203,0
01/01/2018 04:26,1.967,0
01/01/2018 04:27,2.304,0
01/01/2018 04:28,2.199,0
01/01/2018 04:29,2.066,0
01/01/2018 04:30,1.393,0
01/01/2018 04:31,1.378,0
01/01/2018 04:32,1.487,0
01/01/2018 04:33,1.41,0
01/01/2018 04:34,1.398,0
01/01/2018 04:35,1.556,0
01/01/2018 04:36,1.511,0
01/01/2018 04:37,1.435,0
01/01/2018 04:38,1.548,0
01/01/2018 04:39,1.612,0
01/01/2018 04:40,1.365,0
01/01/2018 04:41,1.414,0
01/01/2018 04:42,1.569,0
01/01/2018 04:43,1.547,0
01/01/2018 04:44,1.497,0
01/01/2018 04:45,1.921,0
01/01/2018 04:46,1.696,0
01/01/2018 04:47,1.657,0
01/01/2018 04:48,1.718,0
01/01/2018 04:49,1.817,0
01/01/2018 04:50,1.725,0
01/01/2018 04:51,1.756,0
01/01/2018 04:52,1.707,0
01/01/2018 04:53,1.743,0
01/01/2018 04:54,1.704,0
01/01/2018 04:55,1.842,0
01/01/2018 04:56,1.884,0
01/01/2018 04:57,1.757,0
01/01/2018 04:58,1.784,0
01/01/2018 04:59,1.747,0
01/01/2018 05:00,0.147,0.0665
01/01/2018 05:01,0.103,0.0665
01/01/2018 05:02,0.253,0.0665
01/01/2018 05:03,0,0.0665
01/01/2018 05:04,0.13,0.0665
01/01/2018 05:05,0.138,0.0665
01/01/2018 05:06,0.058,0.0665
01/01/2018 05:07,0.152,0.0665
01/01/2018 05:08,0,0.0665
01/01/2018 05:09,0.306,0.0665
01/01/2018 05:10,0,0.0665
01/01/2018 05:11,0.186,0.0665
01/01/2018 05:12,0,0.0665
01/01/2018 05:13,0.209,0.0665
01/01/2018 05:14,0.055,0.0665
01/01/2018 05:15,0.862,0.0665
01/01/2018 05:16,0.851,0.0665
01/01/2018 05:17,0.956,0.0665
01/01/2018 05:18,0.814,0.0665
01/01/2018 05:19,0.549,0.0665
01/01/2018 05:20,0.77,0.0665
01/01/2018 05:21,0.865,0.0665
01/01/2018 05:22,0.802,0.0665
01/01/2018 05:23,0.923,0.0665
01/01/2018 05:24,0.948,0.0665
01/01/2018 05:25,0.831,0.0665
01/01/2018 05:26,0.697,0.0665
01/01/2018 05:27,0.985,0.0665
01/01/2018 05:28,0.954,0.0665
01/01/2018 05:29,0.816,0.0665
01/01/2018 05:30,3.652,0.0665
01/01/2018 05:31,3.407,0.0665
01/01/2018 05:32,3.328,0.0665
01/01/2018 05:33,3.426,0.0665
01/01/2018 05:34,3.549,0.0665
01/01/2018 05:35,3.348,0.0665
01/01/2018 05:36,3.637,0.0665
01/01/2018 05:37,3.352,0.0665
01/01/2018 05:38,3.537,0.0665
01/01/2018 05:39,3.496,0.0665
01/01/2018 05:40,3.426,0.0665
01/01/2018 05:41,3.55,0.0665
01/01/2018 05:42,3.292,0.0665
01/01/2018 05:43,3.577,0.0665
01/01/2018 05:44,3.435,0.0665
01/01/2018 05:45,3.324,0.0665
01/01/2018 05:46,3.453,0.0665
01/01/2018 05:47,3.484,0.0665
01/01/2018 05:48,3.455,0.0665
01/01/2018 05:49,3.578,0.0665
01/01/2018 05:50,3.486,0.0665
01/01/2018 05:51,3.506,0.0665
01/01/2018 05:52,3.324,0.0665
01/01/2018 05:53,3.388,0.0665
01/01/2018 05:54,3.434,0.0665
01/01/2018 05:55,3.376,0.0665
01/01/2018 05:56,3.408,0.0665
01/01/2018 05:57,3.42,0.0665
01/01/2018 05:58,3.462,0.0665
01/01/2018 05:59,3.368,0.0665
01/01/2018 06:00,3.258,0.6745
01/01/2018 06:01,3.211,0.6745
01/01/2018 06:02,3.204,0.6745
01/01/2018 06:03,3.411,0.6745
01/01/2018 06:04,3.285,0.6745
01/01/2018 06:05,3.372,0.6745
01/01/2018 06:06,3.164,0.6745
01/01/2018 06:07,3.1,0.6745
01/01/2018 06:08,3.188,0.6745
01/01/2018 06:09,3.408,0.6745
01/01/2018 06:10,3.4,0.6745
01/01/2018 06:11,3.327,0.6745
01/01/2018 06:12,3.213,0.6745
01/01/2018 06:13,3.28,0.6745
01/01/2018 06:14,3.264,0.6745
01/01/2018 06:15,2.67,0.6745
01/01/2018 06:16,2.454,0.6745
01/01/2018 06:17,2.618,0.6745
01/01/2018 06:18,2.685,0.6745
01/01/2018 06:19,2.856,0.6745
01/01/2018 06:20,2.72,0.6745
01/01/2018 06:21,2.844,0.6745
01/01/2018 06:22,2.665,0.6745
01/01/2018 06:23,2.679,0.6745
01/01/2018 06:24,2.314,0.6745
01/01/2018 06:25,2.75,0.6745
01/01/2018 06:26,2.759,0.6745
01/01/2018 06:27,2.881,0.6745
01/01/2018 06:28,2.655,0.6745
01/01/2018 06:29,2.714,0.6745
01/01/2018 06:30,5.701,0.6745
01/01/2018 06:31,5.654,0.6745
01/01/2018 06:32,5.7,0.6745
01/01/2018 06:33,5.737,0.6745
01/01/2018 06:34,5.907,0.6745
01/01/2018 06:35,5.772,0.6745
01/01/2018 06:36,5.692,0.6745
01/01/2018 06:37,5.786,0.6745
01/01/2018 06:38,5.793,0.6745
01/01/2018 06:39,5.704,0.6745
01/01/2018 06:40,5.886,0.6745
01/01/2018 06:41,5.583,0.6745
01/01/2018 06:42,5.75,0.6745
01/01/2018 06:43,5.838,0.6745
01/01/2018 06:44,5.638,0.6745
01/01/2018 06:45,5.107,0.6745
01/01/2018 06:46,5.201,0.6745
01/01/2018 06:47,5.117,0.6745
01/01/2018 06:48,4.902,0.6745
01/01/2018 06:49,4.998,0.6745
01/01/2018 06:50,5.195,0.6745
01/01/2018 06:51,5.101,0.6745
01/01/2018 06:52,5.07,0.6745
01/01/2018 06:53,5.115,0.6745
01/01/2018 06:54,5.143,0.6745
01/01/2018 06:55,5,0.6745
01/01/2018 06:56,5.042,0.6745
01/01/2018 06:57,5.086,0.6745
01/01/2018 06:58,5.017,0.6745
01/01/2018 06:59,5.058,0.6745
01/01/2018 07:00,3.613,1.3205
01/01/2018 07:01,3.386,1.3205
01/01/2018 07:02,3.676,1.3205
01/01/2018 07:03,3.671,1.3205
01/01/2018 07:04,3.312,1.3205
01/01/2018 07:05,3.469,1.3205
01/01/2018 07:06,3.518,1.3205
01/01/2018 07:07,3.407,1.3205
01/01/2018 07:08,3.409,1.3205
01/01/2018 07:09,3.46,1.3205
01/01/2018 07:10,3.557,1.3205
01/01/2018 07:11,3.432,1.3205
01/01/2018 07:12,3.666,1.3205
01/01/2018 07:13,3.512,1.3205
01/01/2018 07:14,3.473,1.3205
01/01/2018 07:15,3.531,1.3205
01/01/2018 07:16,3.449,1.3205
01/01/2018 07:17,3.423,1.3205
01/01/2018 07:18,3.353,1.3205
01/01/2018 07:19,3.568,1.3205
01/01/2018 07:20,3.468,1.3205
01/01/2018 07:21,3.366,1.3205
01/01/2018 07:22,3.229,1.3205
01/01/2018 07:23,3.424,1.3205
01/01/2018 07:24,3.272,1.3205
01/01/2018 07:25,3.215,1.3205
01/01/2018 07:26,3.359,1.3205
01/01/2018 07:27,3.415,1.3205
01/01/2018 07:28,3.515,1.3205
01/01/2018 07:29,3.415,1.3205
01/01/2018 07:30,3.572,1.3205
01/01/2018 07:31,3.369,1.3205
01/01/2018 07:32,3.489,1.3205
01/01/2018 07:33,3.504,1.3205
01/01/2018 07:34,3.578,1.3205
01/01/2018 07:35,3.503,1.3205
01/01/2018 07:36,3.572,1.3205
01/01/2018 07:37,3.441,1.3205
01/01/2018 07:38,3.527,1.3205
01/01/2018 07:39,3.533,1.3205
01/01/2018 07:40,3.366,1.3205
01/01/2018 07:41,3.509,1.3205
01/01/2018 07:42,3.459,1.3205
01/01/2018 07:43,3.301,1.3205
01/01/2018 07:44,3.587,1.3205
01/01/2018 07:45,1.682,1.3205
01/01/2018 07:46,1.633,1.3205
01/01/2018 07:47,1.68,1.3205
01/01/2018 07:48,1.732,1.3205
01/01/2018 07:49,1.869,1.3205
01/01/2018 07:50,1.701,1.3205
01/01/2018 07:51,1.765,1.3205
01/01/2018 07:52,1.855,1.3205
01/01/2018 07:53,1.771,1.3205
01/01/2018 07:54,1.825,1.3205
01/01/2018 07:55,1.67,1.3205
01/01/2018 07:56,1.795,1.3205
01/01/2018 07:57,1.712,1.3205
01/01/2018 07:58,1.825,1.3205
01/01/2018 07:59,1.618,1.3205
01/01/2018 08:00,0.819,1.85725
01/01/2018 08:01,1.024,1.85725
01/01/2018 08:02,0.878,1.85725
01/01/2018 08:03,0.861,1.85725
01/01/2018 08:04,0.905,1.85725
01/01/2018 08:05,0.828,1.85725
01/01/2018 08:06,1.031,1.85725
01/01/2018 08:07,0.772,1.85725
01/01/2018 08:08,0.882,1.85725
01/01/2018 08:09,0.932,1.85725
01/01/2018 08:10,0.887,1.85725
01/01/2018 08:11,0.817,1.85725
01/01/2018 08:12,0.811,1.85725
01/01/2018 08:13,0.94,1.85725
01/01/2018 08:14,0.794,1.85725
01/01/2018 08:15,9.239,1.85725
01/01/2018 08:16,9.022,1.85725
01/01/2018 08:17,9.119,1.85725
01/01/2018 08:18,9.178,1.85725
01/01/2018 08:19,9.049,1.85725
01/01/2018 08:20,9.24,1.85725
01/01/2018 08:21,9.173,1.85725
01/01/2018 08:22,9.071,1.85725
01/01/2018 08:23,9.023,1.85725
01/01/2018 08:24,9.018,1.85725
01/01/2018 08:25,9.18,1.85725
01/01/2018 08:26,9.059,1.85725
01/01/2018 08:27,9.038,1.85725
01/01/2018 08:28,9.151,1.85725
01/01/2018 08:29,9.402,1.85725
01/01/2018 08:30,8.155,1.85725
01/01/2018 08:31,8.203,1.85725
01/01/2018 08:32,8.148,1.85725
01/01/2018 08:33,8.205,1.85725
01/01/2018 08:34,7.993,1.85725
01/01/2018 08:35,8.084,1.85725
01/01/2018 08:36,8.153,1.85725
01/01/2018 08:37,8.125,1.85725
01/01/2018 08:38,8.108,1.85725
01/01/2018 08:39,8.061,1.85725
01/01/2018 08:40,8.101,1.85725
01/01/2018 08:41,8.05,1.85725
01/01/2018 08:42,7.885,1.85725
01/01/2018 08:43,8.008,1.85725
01/01/2018 08:44,8.175,1.85725
01/01/2018 08:45,7.165,1.85725
01/01/2018 08:46,7.191,1.85725
01/01/2018 08:47,7.019,1.85725
01/01/2018 08:48,7.099,1.85725
01/01/2018 08:49,7.1,1.85725
01/01/2018 08:50,6.94,1.85725
01/01/2018 08:51,6.84,1.85725
01/01/2018 08:52,7.013,1.85725
01/01/2018 08:53,6.833,1.85725
01/01/2018 08:54,6.978,1.85725
01/01/2018 08:55,7.07,1.85725
01/01/2018 08:56,6.868,1.85725
01/01/2018 08:57,7.013,1.85725
01/01/2018 08:58,7.134,1.85725
01/01/2018 08:59,7.046,1.85725
01/01/2018 09:00,7.981,1.57225
01/01/2018 09:01,8.02,1.57225
01/01/2018 09:02,8.102,1.57225
01/01/2018 09:03,7.944,1.57225
01/01/2018 09:04,8.052,1.57225
01/01/2018 09:05,7.923,1.57225
01/01/2018 09:06,7.874,1.57225
01/01/2018 09:07,7.96,1.57225
01/01/2018 09:08,7.868,1.57225
01/01/2018 09:09,7.872,1.57225
01/01/2018 09:10,7.868,1.57225
01/01/2018 09:11,7.699,1.57225
01/01/2018 09:12,7.94,1.57225
01/01/2018 09:13,7.803,1.57225
01/01/2018 09:14,7.918,1.57225
01/01/2018 09:15,10.593,1.57225
01/01/2018 09:16,10.396,1.57225
01/01/2018 09:17,10.393,1.57225
01/01/2018 09:18,10.584,1.57225
01/01/2018 09:19,10.502,1.57225
01/01/2018 09:20,10.545,1.57225
01/01/2018 09:21,10.412,1.57225
01/01/2018 09:22,10.522,1.57225
01/01/2018 09:23,10.379,1.57225
01/01/2018 09:24,10.38,1.57225
01/01/2018 09:25,10.507,1.57225
01/01/2018 09:26,10.388,1.57225
01/01/2018 09:27,10.524,1.57225
01/01/2018 09:28,10.687,1.57225
01/01/2018 09:29,10.279,1.57225
01/01/2018 09:30,10.938,1.57225
01/01/2018 09:31,11.125,1.57225
01/01/2018 09:32,10.999,1.57225
01/01/2018 09:33,11.129,1.57225
01/01/2018 09:34,10.912,1.57225
01/01/2018 09:35,11.046,1.57225
01/01/2018 09:36,10.998,1.57225
01/01/2018 09:37,11.027,1.57225
01/01/2018 09:38,11.046,1.57225
01/01/2018 09:39,10.891,1.57225
01/01/2018 09:40,10.906,1.57225
01/01/2018 09:41,11.153,1.57225
01/01/2018 09:42,11.043,1.57225
01/01/2018 09:43,11.024,1.57225
01/01/2018 09:44,11.009,1.57225
01/01/2018 09:45,7.307,1.57225
01/01/2018 09:46,7.156,1.57225
01/01/2018 09:47,7.171,1.57225
01/01/2018 09:48,7.402,1.57225
01/01/2018 09:49,7.286,1.57225
01/01/2018 09:50,7.356,1.57225
01/01/2018 09:51,7.211,1.57225
01/01/2018 09:52,7.409,1.57225
01/01/2018 09:53,7.306,1.57225
01/01/2018 09:54,7.319,1.57225
01/01/2018 09:55,7.326,1.57225
01/01/2018 09:56,7.192,1.57225
01/01/2018 09:57,7.085,1.57225
01/01/2018 09:58,7.164,1.57225
01/01/2018 09:59,7.434,1.57225
01/01/2018 10:00,8.491,1.843
01/01/2018 10:01,8.326,1.843
01/01/2018 10:02,8.33,1.843
01/01/2018 10:03,8.464,1.843
01/01/2018 10:04,8.344,1.843
01/01/2018 10:05,8.231,1.843
01/01/2018 10:06,8.487,1.843
01/01/2018 10:07,8.408,1.843
01/01/2018 10:08,8.109,1.843
01/01/2018 10:09,8.329,1.843
01/01/2018 10:10,8.375,1.843
01/01/2018 10:11,8.409,1.843
01/01/2018 10:12,8.376,1.843
01/01/2018 10:13,8.297,1.843
01/01/2018 10:14,8.349,1.843
01/01/2018 10:15,7.105,1.843
01/01/2018 10:16,7.048,1.843
01/01/2018 10:17,7.038,1.843
01/01/2018 10:18,7.2,1.843
01/01/2018 10:19,6.98,1.843
01/01/2018 10:20,7.04,1.843
01/01/2018 10:21,6.872,1.843
01/01/2018 10:22,7.129,1.843
01/01/2018 10:23,7.158,1.843
01/01/2018 10:24,7.13,1.843
01/01/2018 10:25,7.167,1.843
01/01/2018 10:26,7.119,1.843
01/01/2018 10:27,7.109,1.843
01/01/2018 10:28,7.122,1.843
01/01/2018 10:29,7.048,1.843
01/01/2018 10:30,8.596,1.843
01/01/2018 10:31,8.442,1.843
01/01/2018 10:32,8.331,1.843
01/01/2018 10:33,8.562,1.843
01/01/2018 10:34,8.662,1.843
01/01/2018 10:35,8.381,1.843
01/01/2018 10:36,8.467,1.843
01/01/2018 10:37,8.409,1.843
01/01/2018 10:38,8.439,1.843
01/01/2018 10:39,8.482,1.843
01/01/2018 10:40,8.353,1.843
01/01/2018 10:41,8.449,1.843
01/01/2018 10:42,8.331,1.843
01/01/2018 10:43,8.42,1.843
01/01/2018 10:44,8.359,1.843
01/01/2018 10:45,7.058,1.843
01/01/2018 10:46,6.992,1.843
01/01/2018 10:47,7.286,1.843
01/01/2018 10:48,7.215,1.843
01/01/2018 10:49,6.972,1.843
01/01/2018 10:50,7.104,1.843
01/01/2018 10:51,7.097,1.843
01/01/2018 10:52,7.095,1.843
01/01/2018 10:53,7.019,1.843
01/01/2018 10:54,7.239,1.843
01/01/2018 10:55,7.124,1.843
01/01/2018 10:56,7.21,1.843
01/01/2018 10:57,7.216,1.843
01/01/2018 10:58,7.301,1.843
01/01/2018 10:59,6.982,1.843
01/01/2018 11:00,7.624,3.135
01/01/2018 11:01,7.577,3.135
01/01/2018 11:02,7.507,3.135
01/01/2018 11:03,7.688,3.135
01/01/2018 11:04,7.47,3.135
01/01/2018 11:05,7.532,3.135
01/01/2018 11:06,7.376,3.135
01/01/2018 11:07,7.563,3.135
01/01/2018 11:08,7.467,3.135
01/01/2018 11:09,7.405,3.135
01/01/2018 11:10,7.661,3.135
01/01/2018 11:11,7.419,3.135
01/01/2018 11:12,7.451,3.135
01/01/2018 11:13,7.43,3.135
01/01/2018 11:14,7.374,3.135
01/01/2018 11:15,10.509,3.135
01/01/2018 11:16,10.53,3.135
01/01/2018 11:17,10.491,3.135
01/01/2018 11:18,10.22,3.135
01/01/2018 11:19,10.557,3.135
01/01/2018 11:20,10.421,3.135
01/01/2018 11:21,10.334,3.135
01/01/2018 11:22,10.516,3.135
01/01/2018 11:23,10.512,3.135
01/01/2018 11:24,10.352,3.135
01/01/2018 11:25,10.703,3.135
01/01/2018 11:26,10.335,3.135
01/01/2018 11:27,10.283,3.135
01/01/2018 11:28,10.341,3.135
01/01/2018 11:29,10.598,3.135
01/01/2018 11:30,4.738,3.135
01/01/2018 11:31,4.718,3.135
01/01/2018 11:32,4.749,3.135
01/01/2018 11:33,4.696,3.135
01/01/2018 11:34,4.686,3.135
01/01/2018 11:35,4.691,3.135
01/01/2018 11:36,4.826,3.135
01/01/2018 11:37,4.857,3.135
01/01/2018 11:38,4.65,3.135
01/01/2018 11:39,4.779,3.135
01/01/2018 11:40,4.834,3.135
01/01/2018 11:41,4.647,3.135
01/01/2018 11:42,4.705,3.135
01/01/2018 11:43,4.651,3.135
01/01/2018 11:44,4.626,3.135
01/01/2018 11:45,7.952,3.135
01/01/2018 11:46,7.868,3.135
01/01/2018 11:47,8.005,3.135
01/01/2018 11:48,7.939,3.135
01/01/2018 11:49,7.983,3.135
01/01/2018 11:50,7.912,3.135
01/01/2018 11:51,7.878,3.135
01/01/2018 11:52,7.933,3.135
01/01/2018 11:53,7.941,3.135
01/01/2018 11:54,7.871,3.135
01/01/2018 11:55,7.984,3.135
01/01/2018 11:56,8.016,3.135
01/01/2018 11:57,7.957,3.135
01/01/2018 11:58,8.113,3.135
01/01/2018 11:59,7.878,3.135
01/01/2018 12:00,2.916,2.736
01/01/2018 12:01,2.823,2.736
01/01/2018 12:02,2.888,2.736
01/01/2018 12:03,2.781,2.736
01/01/2018 12:04,2.976,2.736
01/01/2018 12:05,2.882,2.736
01/01/2018 12:06,2.984,2.736
01/01/2018 12:07,2.738,2.736
01/01/2018 12:08,2.815,2.736
01/01/2018 12:09,2.775,2.736
01/01/2018 12:10,2.811,2.736
01/01/2018 12:11,2.795,2.736
01/01/2018 12:12,2.852,2.736
01/01/2018 12:13,2.863,2.736
01/01/2018 12:14,2.86,2.736
01/01/2018 12:15,2.427,2.736
01/01/2018 12:16,2.501,2.736
01/01/2018 12:17,2.57,2.736
01/01/2018 12:18,2.392,2.736
01/01/2018 12:19,2.482,2.736
01/01/2018 12:20,2.475,2.736
01/01/2018 12:21,2.529,2.736
01/01/2018 12:22,2.476,2.736
01/01/2018 12:23,2.481,2.736
01/01/2018 12:24,2.383,2.736
01/01/2018 12:25,2.485,2.736
01/01/2018 12:26,2.39,2.736
01/01/2018 12:27,2.534,2.736
01/01/2018 12:28,2.472,2.736
01/01/2018 12:29,2.486,2.736
01/01/2018 12:30,2.309,2.736
01/01/2018 12:31,2.479,2.736
01/01/2018 12:32,2.467,2.736
01/01/2018 12:33,2.484,2.736
01/01/2018 12:34,2.621,2.736
01/01/2018 12:35,2.393,2.736
01/01/2018 12:36,2.519,2.736
01/01/2018 12:37,2.386,2.736
01/01/2018 12:38,2.438,2.736
01/01/2018 12:39,2.435,2.736
01/01/2018 12:40,2.425,2.736
01/01/2018 12:41,2.464,2.736
01/01/2018 12:42,2.368,2.736
01/01/2018 12:43,2.402,2.736
01/01/2018 12:44,2.452,2.736
01/01/2018 12:45,1.821,2.736
01/01/2018 12:46,1.562,2.736
01/01/2018 12:47,1.465,2.736
01/01/2018 12:48,1.597,2.736
01/01/2018 12:49,1.655,2.736
01/01/2018 12:50,1.663,2.736
01/01/2018 12:51,1.655,2.736
01/01/2018 12:52,1.764,2.736
01/01/2018 12:53,1.743,2.736
01/01/2018 12:54,1.641,2.736
01/01/2018 12:55,1.599,2.736
01/01/2018 12:56,1.611,2.736
01/01/2018 12:57,1.61,2.736
01/01/2018 12:58,1.623,2.736
01/01/2018 12:59,1.489,2.736
01/01/2018 13:00,2.533,2.6315
01/01/2018 13:01,2.536,2.6315
01/01/2018 13:02,2.56,2.6315
01/01/2018 13:03,2.553,2.6315
01/01/2018 13:04,2.646,2.6315
01/01/2018 13:05,2.526,2.6315
01/01/2018 13:06,2.535,2.6315
01/01/2018 13:07,2.633,2.6315
01/01/2018 13:08,2.555,2.6315
01/01/2018 13:09,2.6,2.6315
01/01/2018 13:10,2.646,2.6315
01/01/2018 13:11,2.621,2.6315
01/01/2018 13:12,2.604,2.6315
01/01/2018 13:13,2.559,2.6315
01/01/2018 13:14,2.647,2.6315
01/01/2018 13:15,1.234,2.6315
01/01/2018 13:16,1.166,2.6315
01/01/2018 13:17,1.201,2.6315
01/01/2018 13:18,1.095,2.6315
01/01/2018 13:19,1.12,2.6315
01/01/2018 13:20,1.028,2.6315
01/01/2018 13:21,1.149,2.6315
01/01/2018 13:22,1.35,2.6315
01/01/2018 13:23,1.161,2.6315
01/01/2018 13:24,1.295,2.6315
01/01/2018 13:25,1.216,2.6315
01/01/2018 13:26,1.146,2.6315
01/01/2018 13:27,1.35,2.6315
01/01/2018 13:28,1.275,2.6315
01/01/2018 13:29,1.041,2.6315
01/01/2018 13:30,1.893,2.6315
01/01/2018 13:31,1.681,2.6315
01/01/2018 13:32,1.771,2.6315
01/01/2018 13:33,1.855,2.6315
01/01/2018 13:34,1.758,2.6315
01/01/2018 13:35,1.9,2.6315
01/01/2018 13:36,1.865,2.6315
01/01/2018 13:37,1.631,2.6315
01/01/2018 13:38,1.741,2.6315
01/01/2018 13:39,1.817,2.6315
01/01/2018 13:40,1.731,2.6315
01/01/2018 13:41,1.767,2.6315
01/01/2018 13:42,1.868,2.6315
01/01/2018 13:43,1.82,2.6315
01/01/2018 13:44,1.696,2.6315
01/01/2018 13:45,1.5,2.6315
01/01/2018 13:46,1.421,2.6315
01/01/2018 13:47,1.361,2.6315
01/01/2018 13:48,1.369,2.6315
01/01/2018 13:49,1.511,2.6315
01/01/2018 13:50,1.48,2.6315
01/01/2018 13:51,1.483,2.6315
01/01/2018 13:52,1.368,2.6315
01/01/2018 13:53,1.464,2.6315
01/01/2018 13:54,1.379,2.6315
01/01/2018 13:55,1.39,2.6315
01/01/2018 13:56,1.466,2.6315
01/01/2018 13:57,1.344,2.6315
01/01/2018 13:58,1.549,2.6315
01/01/2018 13:59,1.731,2.6315
01/01/2018 14:00,1.983,2.356
01/01/2018 14:01,1.833,2.356
01/01/2018 14:02,1.91,2.356
01/01/2018 14:03,1.782,2.356
01/01/2018 14:04,1.9,2.356
01/01/2018 14:05,1.988,2.356
01/01/2018 14:06,1.997,2.356
01/01/2018 14:07,1.834,2.356
01/01/2018 14:08,1.968,2.356
01/01/2018 14:09,2.053,2.356
01/01/2018 14:10,2.113,2.356
01/01/2018 14:11,1.868,2.356
01/01/2018 14:12,1.851,2.356
01/01/2018 14:13,1.943,2.356
01/01/2018 14:14,1.645,2.356
01/01/2018 14:15,2.361,2.356
01/01/2018 14:16,2.387,2.356
01/01/2018 14:17,2.368,2.356
01/01/2018 14:18,2.256,2.356
01/01/2018 14:19,2.39,2.356
01/01/2018 14:20,2.337,2.356
01/01/2018 14:21,2.49,2.356
01/01/2018 14:22,2.322,2.356
01/01/2018 14:23,2.386,2.356
01/01/2018 14:24,2.391,2.356
01/01/2018 14:25,2.471,2.356
01/01/2018 14:26,2.16,2.356
01/01/2018 14:27,2.38,2.356
01/01/2018 14:28,2.49,2.356
01/01/2018 14:29,2.378,2.356
01/01/2018 14:30,1.479,2.356
01/01/2018 14:31,1.664,2.356
01/01/2018 14:32,1.665,2.356
01/01/2018 14:33,1.605,2.356
01/01/2018 14:34,1.516,2.356
01/01/2018 14:35,1.558,2.356
01/01/2018 14:36,1.6,2.356
01/01/2018 14:37,1.544,2.356
01/01/2018 14:38,1.44,2.356
01/01/2018 14:39,1.555,2.356
01/01/2018 14:40,1.625,2.356
01/01/2018 14:41,1.581,2.356
01/01/2018 14:42,1.624,2.356
01/01/2018 14:43,1.64,2.356
01/01/2018 14:44,1.721,2.356
01/01/2018 14:45,1.408,2.356
01/01/2018 14:46,1.26,2.356
01/01/2018 14:47,1.047,2.356
01/01/2018 14:48,0.922,2.356
01/01/2018 14:49,1.178,2.356
01/01/2018 14:50,1.194,2.356
01/01/2018 14:51,1.071,2.356
01/01/2018 14:52,1.214,2.356
01/01/2018 14:53,1.111,2.356
01/01/2018 14:54,1.227,2.356
01/01/2018 14:55,1.155,2.356
01/01/2018 14:56,1.227,2.356
01/01/2018 14:57,1.013,2.356
01/01/2018 14:58,1.143,2.356
01/01/2018 14:59,1.172,2.356
01/01/2018 15:00,1.737,1.95225
01/01/2018 15:01,2.067,1.95225
01/01/2018 15:02,1.825,1.95225
01/01/2018 15:03,2.018,1.95225
01/01/2018 15:04,1.813,1.95225
01/01/2018 15:05,1.856,1.95225
01/01/2018 15:06,1.998,1.95225
01/01/2018 15:07,1.91,1.95225
01/01/2018 15:08,1.898,1.95225
01/01/2018 15:09,1.906,1.95225
01/01/2018 15:10,1.743,1.95225
01/01/2018 15:11,1.84,1.95225
01/01/2018 15:12,1.784,1.95225
01/01/2018 15:13,1.899,1.95225
01/01/2018 15:14,1.825,1.95225
01/01/2018 15:15,1.572,1.95225
01/01/2018 15:16,1.569,1.95225
01/01/2018 15:17,1.573,1.95225
01/01/2018 15:18,1.573,1.95225
01/01/2018 15:19,1.511,1.95225
01/01/2018 15:20,1.471,1.95225
01/01/2018 15:21,1.51,1.95225
01/01/2018 15:22,1.684,1.95225
01/01/2018 15:23,1.614,1.95225
01/01/2018 15:24,1.635,1.95225
01/01/2018 15:25,1.715,1.95225
01/01/2018 15:26,1.459,1.95225
01/01/2018 15:27,1.628,1.95225
01/01/2018 15:28,1.469,1.95225
01/01/2018 15:29,1.543,1.95225
01/01/2018 15:30,1.38,1.95225
01/01/2018 15:31,1.493,1.95225
01/01/2018 15:32,1.254,1.95225
01/01/2018 15:33,1.322,1.95225
01/01/2018 15:34,1.448,1.95225
01/01/2018 15:35,1.183,1.95225
01/01/2018 15:36,1.368,1.95225
01/01/2018 15:37,1.301,1.95225
01/01/2018 15:38,1.244,1.95225
01/01/2018 15:39,1.347,1.95225
01/01/2018 15:40,1.391,1.95225
01/01/2018 15:41,1.241,1.95225
01/01/2018 15:42,1.37,1.95225
01/01/2018 15:43,1.349,1.95225
01/01/2018 15:44,1.208,1.95225
01/01/2018 15:45,2.257,1.95225
01/01/2018 15:46,2.21,1.95225
01/01/2018 15:47,2.015,1.95225
01/01/2018 15:48,2.043,1.95225
01/01/2018 15:49,2.178,1.95225
01/01/2018 15:50,2.052,1.95225
01/01/2018 15:51,1.917,1.95225
01/01/2018 15:52,2.206,1.95225
01/01/2018 15:53,2.102,1.95225
01/01/2018 15:54,2.292,1.95225
01/01/2018 15:55,2.137,1.95225
01/01/2018 15:56,2.12,1.95225
01/01/2018 15:57,2.389,1.95225
01/01/2018 15:58,2.084,1.95225
01/01/2018 15:59,2.006,1.95225
01/01/2018 16:00,4.495,1.691
01/01/2018 16:01,4.585,1.691
01/01/2018 16:02,4.355,1.691
01/01/2018 16:03,4.381,1.691
01/01/2018 16:04,4.517,1.691
01/01/2018 16:05,4.152,1.691
01/01/2018 16:06,4.363,1.691
01/01/2018 16:07,4.551,1.691
01/01/2018 16:08,4.413,1.691
01/01/2018 16:09,4.309,1.691
01/01/2018 16:10,4.664,1.691
01/01/2018 16:11,4.331,1.691
01/01/2018 16:12,4.42,1.691
01/01/2018 16:13,4.435,1.691
01/01/2018 16:14,4.48,1.691
01/01/2018 16:15,5.408,1.691
01/01/2018 16:16,5.437,1.691
01/01/2018 16:17,5.451,1.691
01/01/2018 16:18,5.437,1.691
01/01/2018 16:19,5.455,1.691
01/01/2018 16:20,5.208,1.691
01/01/2018 16:21,5.49,1.691
01/01/2018 16:22,5.305,1.691
01/01/2018 16:23,5.229,1.691
01/01/2018 16:24,5.584,1.691
01/01/2018 16:25,5.317,1.691
01/01/2018 16:26,5.463,1.691
01/01/2018 16:27,5.368,1.691
01/01/2018 16:28,5.378,1.691
01/01/2018 16:29,5.494,1.691
01/01/2018 16:30,4.052,1.691
01/01/2018 16:31,4.194,1.691
01/01/2018 16:32,4.195,1.691
01/01/2018 16:33,4.273,1.691
01/01/2018 16:34,4.123,1.691
01/01/2018 16:35,4.261,1.691
01/01/2018 16:36,4.329,1.691
01/01/2018 16:37,4.315,1.691
01/01/2018 16:38,4.215,1.691
01/01/2018 16:39,4.202,1.691
01/01/2018 16:40,4.442,1.691
01/01/2018 16:41,4.38,1.691
01/01/2018 16:42,4.08,1.691
01/01/2018 16:43,4.249,1.691
01/01/2018 16:44,4.217,1.691
01/01/2018 16:45,6.58,1.691
01/01/2018 16:46,6.588,1.691
01/01/2018 16:47,6.622,1.691
01/01/2018 16:48,6.666,1.691
01/01/2018 16:49,6.595,1.691
01/01/2018 16:50,6.607,1.691
01/01/2018 16:51,6.712,1.691
01/01/2018 16:52,6.605,1.691
01/01/2018 16:53,6.627,1.691
01/01/2018 16:54,6.672,1.691
01/01/2018 16:55,6.736,1.691
01/01/2018 16:56,6.695,1.691
01/01/2018 16:57,6.61,1.691
01/01/2018 16:58,6.594,1.691
01/01/2018 16:59,6.45,1.691
01/01/2018 17:00,4.684,0.87875
01/01/2018 17:01,4.551,0.87875
01/01/2018 17:02,4.553,0.87875
01/01/2018 17:03,4.72,0.87875
01/01/2018 17:04,4.645,0.87875
01/01/2018 17:05,4.702,0.87875
01/01/2018 17:06,4.592,0.87875
01/01/2018 17:07,4.775,0.87875
01/01/2018 17:08,4.67,0.87875
01/01/2018 17:09,4.774,0.87875
01/01/2018 17:10,4.723,0.87875
01/01/2018 17:11,4.672,0.87875
01/01/2018 17:12,4.607,0.87875
01/01/2018 17:13,4.658,0.87875
01/01/2018 17:14,4.738,0.87875
01/01/2018 17:15,3.819,0.87875
01/01/2018 17:16,3.63,0.87875
01/01/2018 17:17,3.852,0.87875
01/01/2018 17:18,3.728,0.87875
01/01/2018 17:19,3.831,0.87875
01/01/2018 17:20,3.679,0.87875
01/01/2018 17:21,3.813,0.87875
01/01/2018 17:22,3.669,0.87875
01/01/2018 17:23,3.762,0.87875
01/01/2018 17:24,3.719,0.87875
01/01/2018 17:25,3.721,0.87875
01/01/2018 17:26,3.692,0.87875
01/01/2018 17:27,3.734,0.87875
01/01/2018 17:28,3.575,0.87875
01/01/2018 17:29,3.837,0.87875
01/01/2018 17:30,5.426,0.87875
01/01/2018 17:31,5.285,0.87875
01/01/2018 17:32,5.192,0.87875
01/01/2018 17:33,5.265,0.87875
01/01/2018 17:34,5.424,0.87875
01/01/2018 17:35,5.392,0.87875
01/01/2018 17:36,5.299,0.87875
01/01/2018 17:37,5.419,0.87875
01/01/2018 17:38,5.225,0.87875
01/01/2018 17:39,5.268,0.87875
01/01/2018 17:40,5.377,0.87875
01/01/2018 17:41,5.32,0.87875
01/01/2018 17:42,5.271,0.87875
01/01/2018 17:43,5.078,0.87875
01/01/2018 17:44,5.397,0.87875
01/01/2018 17:45,6.487,0.87875
01/01/2018 17:46,6.281,0.87875
01/01/2018 17:47,6.515,0.87875
01/01/2018 17:48,6.453,0.87875
01/01/2018 17:49,6.483,0.87875
01/01/2018 17:50,6.549,0.87875
01/01/2018 17:51,6.381,0.87875
01/01/2018 17:52,6.526,0.87875
01/01/2018 17:53,6.523,0.87875
01/01/2018 17:54,6.531,0.87875
01/01/2018 17:55,6.619,0.87875
01/01/2018 17:56,6.521,0.87875
01/01/2018 17:57,6.399,0.87875
01/01/2018 17:58,6.635,0.87875
01/01/2018 17:59,6.344,0.87875
01/01/2018 18:00,4.804,0.418
01/01/2018 18:01,4.754,0.418
01/01/2018 18:02,4.84,0.418
01/01/2018 18:03,4.958,0.418
01/01/2018 18:04,4.98,0.418
01/01/2018 18:05,4.896,0.418
01/01/2018 18:06,4.789,0.418
01/01/2018 18:07,4.795,0.418
01/01/2018 18:08,4.79,0.418
01/01/2018 18:09,4.945,0.418
01/01/2018 18:10,4.759,0.418
01/01/2018 18:11,4.936,0.418
01/01/2018 18:12,4.847,0.418
01/01/2018 18:13,4.867,0.418
01/01/2018 18:14,5.001,0.418
01/01/2018 18:15,6.644,0.418
01/01/2018 18:16,6.857,0.418
01/01/2018 18:17,6.55,0.418
01/01/2018 18:18,6.609,0.418
01/01/2018 18:19,6.533,0.418
01/01/2018 18:20,6.616,0.418
01/01/2018 18:21,6.749,0.418
01/01/2018 18:22,6.765,0.418
01/01/2018 18:23,6.722,0.418
01/01/2018 18:24,6.718,0.418
01/01/2018 18:25,6.574,0.418
01/01/2018 18:26,6.558,0.418
01/01/2018 18:27,6.721,0.418
01/01/2018 18:28,6.826,0.418
01/01/2018 18:29,6.655,0.418
01/01/2018 18:30,4.873,0.418
01/01/2018 18:31,4.846,0.418
01/01/2018 18:32,4.932,0.418
01/01/2018 18:33,5.158,0.418
01/01/2018 18:34,4.979,0.418
01/01/2018 18:35,4.896,0.418
01/01/2018 18:36,4.939,0.418
01/01/2018 18:37,4.951,0.418
01/01/2018 18:38,5.026,0.418
01/01/2018 18:39,4.934,0.418
01/01/2018 18:40,4.911,0.418
01/01/2018 18:41,4.981,0.418
01/01/2018 18:42,5.047,0.418
01/01/2018 18:43,5.071,0.418
01/01/2018 18:44,5.055,0.418
01/01/2018 18:45,7.577,0.418
01/01/2018 18:46,7.453,0.418
01/01/2018 18:47,7.543,0.418
01/01/2018 18:48,7.651,0.418
01/01/2018 18:49,7.49,0.418
01/01/2018 18:50,7.648,0.418
01/01/2018 18:51,7.564,0.418
01/01/2018 18:52,7.565,0.418
01/01/2018 18:53,7.735,0.418
01/01/2018 18:54,7.645,0.418
01/01/2018 18:55,7.76,0.418
01/01/2018 18:56,7.529,0.418
01/01/2018 18:57,7.736,0.418
01/01/2018 18:58,7.714,0.418
01/01/2018 18:59,7.323,0.418
01/01/2018 19:00,8.603,0.057
01/01/2018 19:01,8.766,0.057
01/01/2018 19:02,8.69,0.057
01/01/2018 19:03,8.568,0.057
01/01/2018 19:04,8.589,0.057
01/01/2018 19:05,8.482,0.057
01/01/2018 19:06,8.633,0.057
01/01/2018 19:07,8.433,0.057
01/01/2018 19:08,8.511,0.057
01/01/2018 19:09,8.724,0.057
01/01/2018 19:10,8.61,0.057
01/01/2018 19:11,8.576,0.057
01/01/2018 19:12,8.601,0.057
01/01/2018 19:13,8.886,0.057
01/01/2018 19:14,8.716,0.057
01/01/2018 19:15,13.088,0.057
01/01/2018 19:16,13.332,0.057
01/01/2018 19:17,13.156,0.057
01/01/2018 19:18,13.239,0.057
01/01/2018 19:19,13.106,0.057
01/01/2018 19:20,13.071,0.057
01/01/2018 19:21,13.245,0.057
01/01/2018 19:22,13.088,0.057
01/01/2018 19:23,13.087,0.057
01/01/2018 19:24,13.255,0.057
01/01/2018 19:25,13.049,0.057
01/01/2018 19:26,13.023,0.057
01/01/2018 19:27,13.22,0.057
01/01/2018 19:28,12.969,0.057
01/01/2018 19:29,13.09,0.057
01/01/2018 19:30,10.598,0.057
01/01/2018 19:31,10.5,0.057
01/01/2018 19:32,10.523,0.057
01/01/2018 19:33,10.701,0.057
01/01/2018 19:34,10.664,0.057
01/01/2018 19:35,10.54,0.057
01/01/2018 19:36,10.688,0.057
01/01/2018 19:37,10.787,0.057
01/01/2018 19:38,10.506,0.057
01/01/2018 19:39,10.641,0.057
01/01/2018 19:40,10.832,0.057
01/01/2018 19:41,10.696,0.057
01/01/2018 19:42,10.716,0.057
01/01/2018 19:43,10.615,0.057
01/01/2018 19:44,10.555,0.057
01/01/2018 19:45,9.014,0.057
01/01/2018 19:46,8.965,0.057
01/01/2018 19:47,8.895,0.057
01/01/2018 19:48,8.853,0.057
01/01/2018 19:49,8.725,0.057
01/01/2018 19:50,8.915,0.057
01/01/2018 19:51,8.831,0.057
01/01/2018 19:52,8.886,0.057
01/01/2018 19:53,8.967,0.057
01/01/2018 19:54,8.982,0.057
01/01/2018 19:55,8.972,0.057
01/01/2018 19:56,9.125,0.057
01/01/2018 19:57,9.016,0.057
01/01/2018 19:58,8.825,0.057
01/01/2018 19:59,8.818,0.057
01/01/2018 20:00,9.932,0
01/01/2018 20:01,9.633,0
01/01/2018 20:02,9.695,0
01/01/2018 20:03,9.874,0
01/01/2018 20:04,9.871,0
01/01/2018 20:05,9.694,0
01/01/2018 20:06,9.723,0
01/01/2018 20:07,9.536,0
01/01/2018 20:08,9.608,0
01/01/2018 20:09,9.662,0
01/01/2018 20:10,9.698,0
01/01/2018 20:11,9.667,0
01/01/2018 20:12,9.714,0
01/01/2018 20:13,9.918,0
01/01/2018 20:14,9.745,0
01/01/2018 20:15,5.028,0
01/01/2018 20:16,4.997,0
01/01/2018 20:17,4.98,0
01/01/2018 20:18,5.12,0
01/01/2018 20:19,4.898,0
01/01/2018 20:20,4.984,0
01/01/2018 20:21,4.887,0
01/01/2018 20:22,5.005,0
01/01/2018 20:23,5.009,0
01/01/2018 20:24,5.089,0
01/01/2018 20:25,5.117,0
01/01/2018 20:26,5.063,0
01/01/2018 20:27,5.159,0
01/01/2018 20:28,5.156,0
01/01/2018 20:29,5.028,0
01/01/2018 20:30,5.074,0
01/01/2018 20:31,4.843,0
01/01/2018 20:32,5.069,0
01/01/2018 20:33,5.036,0
01/01/2018 20:34,4.868,0
01/01/2018 20:35,4.994,0
01/01/2018 20:36,5.133,0
01/01/2018 20:37,4.913,0
01/01/2018 20:38,5.166,0
01/01/2018 20:39,5.084,0
01/01/2018 20:40,5.014,0
01/01/2018 20:41,5.023,0
01/01/2018 20:42,5.12,0
01/01/2018 20:43,4.894,0
01/01/2018 20:44,5.241,0
01/01/2018 20:45,5.315,0
01/01/2018 20:46,5.319,0
01/01/2018 20:47,5.518,0
01/01/2018 20:48,5.475,0
01/01/2018 20:49,5.528,0
01/01/2018 20:50,5.501,0
01/01/2018 20:51,5.434,0
01/01/2018 20:52,5.268,0
01/01/2018 20:53,5.349,0
01/01/2018 20:54,5.416,0
01/01/2018 20:55,5.394,0
01/01/2018 20:56,5.191,0
01/01/2018 20:57,5.5,0
01/01/2018 20:58,5.569,0
01/01/2018 20:59,5.542,0
01/01/2018 21:00,1.683,0
01/01/2018 21:01,1.828,0
01/01/2018 21:02,1.572,0
01/01/2018 21:03,1.953,0
01/01/2018 21:04,1.59,0
01/01/2018 21:05,1.825,0
01/01/2018 21:06,1.901,0
01/01/2018 21:07,1.914,0
01/01/2018 21:08,1.819,0
01/01/2018 21:09,1.642,0
01/01/2018 21:10,1.774,0
01/01/2018 21:11,1.758,0
01/01/2018 21:12,1.821,0
01/01/2018 21:13,1.883,0
01/01/2018 21:14,1.851,0
01/01/2018 21:15,2.839,0
01/01/2018 21:16,2.693,0
01/01/2018 21:17,2.588,0
01/01/2018 21:18,2.789,0
01/01/2018 21:19,2.595,0
01/01/2018 21:20,2.655,0
01/01/2018 21:21,2.645,0
01/01/2018 21:22,2.397,0
01/01/2018 21:23,2.654,0
01/01/2018 21:24,2.655,0
01/01/2018 21:25,2.605,0
01/01/2018 21:26,2.612,0
01/01/2018 21:27,2.498,0
01/01/2018 21:28,2.635,0
01/01/2018 21:29,2.777,0
01/01/2018 21:30,2.539,0
01/01/2018 21:31,2.505,0
01/01/2018 21:32,2.496,0
01/01/2018 21:33,2.758,0
01/01/2018 21:34,2.421,0
01/01/2018 21:35,2.641,0
01/01/2018 21:36,2.568,0
01/01/2018 21:37,2.749,0
01/01/2018 21:38,2.688,0
01/01/2018 21:39,2.548,0
01/01/2018 21:40,2.403,0
01/01/2018 21:41,2.7,0
01/01/2018 21:42,2.703,0
01/01/2018 21:43,2.446,0
01/01/2018 21:44,2.631,0
01/01/2018 21:45,3.411,0
01/01/2018 21:46,3.414,0
01/01/2018 21:47,3.33,0
01/01/2018 21:48,3.585,0
01/01/2018 21:49,3.518,0
01/01/2018 21:50,3.541,0
01/01/2018 21:51,3.637,0
01/01/2018 21:52,3.558,0
01/01/2018 21:53,3.55,0
01/01/2018 21:54,3.566,0
01/01/2018 21:55,3.385,0
01/01/2018 21:56,3.488,0
01/01/2018 21:57,3.371,0
01/01/2018 21:58,3.401,0
01/01/2018 21:59,3.482,0
01/01/2018 22:00,0.905,0
01/01/2018 22:01,1.005,0
01/01/2018 22:02,0.691,0
01/01/2018 22:03,0.817,0
01/01/2018 22:04,0.792,0
01/01/2018 22:05,0.852,0
01/01/2018 22:06,0.858,0
01/01/2018 22:07,0.836,0
01/01/2018 22:08,0.703,0
01/01/2018 22:09,0.839,0
01/01/2018 22:10,0.889,0
01/01/2018 22:11,0.748,0
01/01/2018 22:12,0.997,0
01/01/2018 22:13,0.776,0
01/01/2018 22:14,0.736,0
01/01/2018 22:15,2.639,0
01/01/2018 22:16,2.584,0
01/01/2018 22:17,2.473,0
01/01/2018 22:18,2.607,0
01/01/2018 22:19,2.769,0
01/01/2018 22:20,2.81,0
01/01/2018 22:21,2.553,0
01/01/2018 22:22,2.7,0
01/01/2018 22:23,2.623,0
01/01/2018 22:24,2.638,0
01/01/2018 22:25,2.737,0
01/01/2018 22:26,2.695,0
01/01/2018 22:27,2.625,0
01/01/2018 22:28,2.517,0
01/01/2018 22:29,2.497,0
01/01/2018 22:30,3.45,0
01/01/2018 22:31,3.489,0
01/01/2018 22:32,3.507,0
01/01/2018 22:33,3.535,0
01/01/2018 22:34,3.555,0
01/01/2018 22:35,3.217,0
01/01/2018 22:36,3.547,0
01/01/2018 22:37,3.352,0
01/01/2018 22:38,3.568,0
01/01/2018 22:39,3.491,0
01/01/2018 22:40,3.52,0
01/01/2018 22:41,3.403,0
01/01/2018 22:42,3.485,0
01/01/2018 22:43,3.27,0
01/01/2018 22:44,3.566,0
01/01/2018 22:45,2.818,0
01/01/2018 22:46,2.592,0
01/01/2018 22:47,2.957,0
01/01/2018 22:48,3.019,0
01/01/2018 22:49,2.764,0
01/01/2018 22:50,2.972,0
01/01/2018 22:51,2.776,0
01/01/2018 22:52,2.625,0
01/01/2018 22:53,2.815,0
01/01/2018 22:54,2.884,0
01/01/2018 22:55,2.865,0
01/01/2018 22:56,2.862,0
01/01/2018 22:57,2.881,0
01/01/2018 22:58,2.873,0
01/01/2018 22:59,2.83,0
01/01/2018 23:00,0,0
01/01/2018 23:01,0,0
01/01/2018 23:02,0,0
01/01/2018 23:03,0,0
01/01/2018 23:04,0,0
01/01/2018 23:05,0,0
01/01/2018 23:06,0.008,0
01/01/2018 23:07,0.031,0
01/01/2018 23:08,0,0
01/01/2018 23:09,0,0
01/01/2018 23:10,0.053,0
01/01/2018 23:11,0.081,0
01/01/2018 23:12,0.068,0
01/01/2018 23:13,0,0
01/01/2018 23:14,0,0
01/01/2018 23:15,2.167,0
01/01/2018 23:16,2.148,0
01/01/2018 23:17,2.165,0
01/01/2018 23:18,2.128,0
01/01/2018 23:19,2.011,0
01/01/2018 23:20,2.219,0
01/01/2018 23:21,1.961,0
01/01/2018 23:22,2.195,0
01/01/2018 23:23,2.095,0
01/01/2018 23:24,1.95,0
01/01/2018 23:25,2.057,0
01/01/2018 23:26,2.217,0
01/01/2018 23:27,2.038,0
01/01/2018 23:28,1.976,0
01/01/2018 23:29,2.068,0
01/01/2018 23:30,2.997,0
01/01/2018 23:31,2.954,0
01/01/2018 23:32,3.123,0
01/01/2018 23:33,3.159,0
01/01/2018 23:34,3.024,0
01/01/2018 23:35,3.131,0
01/01/2018 23:36,3.04,0
01/01/2018 23:37,3.069,0
01/01/2018 23:38,3.091,0
01/01/2018 23:39,3.228,0
01/01/2018 23:40,3.13,0
01/01/2018 23:41,2.979,0
01/01/2018 23:42,3.131,0
01/01/2018 23:43,3.057,0
01/01/2018 23:44,3.032,0
01/01/2018 23:45,3.635,0
01/01/2018 23:46,3.717,0
01/01/2018 23:47,3.713,0
01/01/2018 23:48,3.679,0
01/01/2018 23:49,3.58,0
01/01/2018 23:50,3.548,0
01/01/2018 23:51,3.732,0
01/01/2018 23:52,3.737,0
01/01/2018 23:53,3.938,0
01/01/2018 23:54,3.701,0
01/01/2018 23:55,3.821,0
01/01/2018 23:56,3.839,0
01/01/2018 23:57,3.713,0
01/01/2018 23:58,3.727,0
01/01/2018 23:59,3.676,0
02/01/2018 00:00,0.79,0
02/01/2018 00:01,1.001,0
02/01/2018 00:02,1.018,0
02/01/2018 00:03,0.872,0
02/01/2018 00:04,1.048,0
02/01/2018 00:05,0.95,0
02/01/2018 00:06,1.101,0
02/01/2018 00:07,1.002,0
02/01/2018 00:08,1.082,0
02/01/2018 00:09,1.137,0
02/01/2018 00:10,1.053,0
02/01/2018 00:11,0.927,0
02/01/2018 00:12,0.863,0
02/01/2018 00:13,1.19,0
02/01/2018 00:14,1.004,0
02/01/2018 00:15,1.756,0
02/01/2018 00:16,1.839,0
02/01/2018 00:17,1.806,0
02/01/2018 00:18,1.91,0
02/01/2018 00:19,1.828,0
02/01/2018 00:20,1.826,0
02/01/2018 00:21,1.753,0
02/01/2018 00:22,1.872,0
02/01/2018 00:23,1.721,0
02/01/2018 00:24,1.891,0
02/01/2018 00:25,1.977,0
02/01/2018 00:26,1.672,0
02/01/2018 00:27,1.578,0
02/01/2018 00:28,1.886,0
02/01/2018 00:29,2.079,0
02/01/2018 00:30,0.369,0
02/01/2018 00:31,0.344,0
02/01/2018 00:32,0.528,0
02/01/2018 00:33,0.385,0
02/01/2018 00:34,0.418,0
02/01/2018 00:35,0.434,0
02/01/2018 00:36,0.522,0
02/01/2018 00:37,0.429,0
02/01/2018 00:38,0.497,0
02/01/2018 00:39,0.451,0
02/01/2018 00:40,0.385,0
02/01/2018 00:41,0.437,0
02/01/2018 00:42,0.374,0
02/01/2018 00:43,0.47,0
02/01/2018 00:44,0.357,0
02/01/2018 00:45,1.707,0
02/01/2018 00:46,1.962,0
02/01/2018 00:47,1.811,0
02/01/2018 00:48,1.811,0
02/01/2018 00:49,1.867,0
02/01/2018 00:50,1.774,0
02/01/2018 00:51,1.793,0
02/01/2018 00:52,1.858,0
02/01/2018 00:53,1.844,0
02/01/2018 00:54,1.7,0
02/01/2018 00:55,1.899,0
02/01/2018 00:56,1.757,0
02/01/2018 00:57,1.71,0
02/01/2018 00:58,1.726,0
02/01/2018 00:59,1.777,0
02/01/2018 01:00,0.917,0
02/01/2018 01:01,0.637,0
02/01/2018 01:02,0.771,0
02/01/2018 01:03,0.541,0
02/01/2018 01:04,0.755,0
02/01/2018 01:05,0.845,0
02/01/2018 01:06,0.731,0
02/01/2018 01:07,0.692,0
02/01/2018 01:08,0.778,0
02/01/2018 01:09,0.825,0
02/01/2018 01:10,0.821,0
02/01/2018 01:11,0.952,0
02/01/2018 01:12,0.776,0
02/01/2018 01:13,0.695,0
02/01/2018 01:14,0.742,0
02/01/2018 01:15,0.896,0
02/01/2018 01:16,0.914,0
02/01/2018 01:17,0.9,0
02/01/2018 01:18,0.921,0
02/01/2018 01:19,0.736,0
02/01/2018 01:20,0.986,0
02/01/2018 01:21,0.846,0
02/01/2018 01:22,0.786,0
02/01/2018 01:23,0.967,0
02/01/2018 01:24,1.035,0
02/01/2018 01:25,0.953,0
02/01/2018 01:26,0.919,0
02/01/2018 01:27,0.81,0
02/01/2018 01:28,1.19,0
02/01/2018 01:29,0.991,0
02/01/2018 01:30,1.359,0
02/01/2018 01:31,1.395,0
02/01/2018 01:32,1.481,0
02/01/2018 01:33,1.317,0
02/01/2018 01:34,1.489,0
02/01/2018 01:35,1.427,0
02/01/2018 01:36,1.595,0
02/01/2018 01:37,1.569,0
02/01/2018 01:38,1.201,0
02/01/2018 01:39,1.477,0
02/01/2018 01:40,1.311,0
02/01/2018 01:41,1.584,0
02/01/2018 01:42,1.489,0
02/01/2018 01:43,1.527,0
02/01/2018 01:44,1.366,0
02/01/2018 01:45,1.068,0
02/01/2018 01:46,1.087,0
02/01/2018 01:47,0.779,0
02/01/2018 01:48,0.922,0
02/01/2018 01:49,0.818,0
02/01/2018 01:50,0.883,0
02/01/2018 01:51,0.759,0
02/01/2018 01:52,1.072,0
02/01/2018 01:53,0.788,0
02/01/2018 01:54,0.856,0
02/01/2018 01:55,0.935,0
02/01/2018 01:56,0.82,0
02/01/2018 01:57,0.861,0
02/01/2018 01:58,0.829,0
02/01/2018 01:59,0.872,0
02/01/2018 02:00,0.945,0
02/01/2018 02:01,1.019,0
02/01/2018 02:02,1.042,0
02/01/2018 02:03,1.029,0
02/01/2018 02:04,1.068,0
02/01/2018 02:05,1.033,0
02/01/2018 02:06,1.138,0
02/01/2018 02:07,1.03,0
02/01/2018 02:08,1.049,0
02/01/2018 02:09,0.996,0
02/01/2018 02:10,1.01,0
02/01/2018 02:11,0.936,0
02/01/2018 02:12,1.114,0
02/01/2018 02:13,0.948,0
02/01/2018 02:14,0.988,0
02/01/2018 02:15,0.077,0
02/01/2018 02:16,0.081,0
02/01/2018 02:17,0.001,0
02/01/2018 02:18,0,0
02/01/2018 02:19,0.083,0
02/01/2018 02:20,0.067,0
02/01/2018 02:21,0,0
02/01/2018 02:22,0.118,0
02/01/2018 02:23,0,0
02/01/2018 02:24,0,0
02/01/2018 02:25,0.051,0
02/01/2018 02:26,0.023,0
02/01/2018 02:27,0.061,0
02/01/2018 02:28,0,0
02/01/2018 02:29,0.222,0
02/01/2018 02:30,1.283,0
02/01/2018 02:31,1.189,0
02/01/2018 02:32,1.405,0
02/01/2018 02:33,1.307,0
02/01/2018 02:34,1.375,0
02/01/2018 02:35,1.309,0
02/01/2018 02:36,1.337,0
02/01/2018 02:37,1.367,0
02/01/2018 02:38,1.268,0
02/01/2018 02:39,1.411,0
02/01/2018 02:40,1.296,0
02/01/2018 02:41,1.256,0
02/01/2018 02:42,1.35,0
02/01/2018 02:43,1.387,0
02/01/2018 02:44,1.32,0
02/01/2018 02:45,0.962,0
02/01/2018 02:46,1.11,0
02/01/2018 02:47,0.872,0
02/01/2018 02:48,0.945,0
02/01/2018 02:49,1.052,0
02/01/2018 02:50,0.912,0
02/01/2018 02:51,1.051,0
02/01/2018 02:52,1.042,0
02/01/2018 02:53,1.138,0
02/01/2018 02:54,0.956,0
02/01/2018 02:55,0.985,0
02/01/2018 02:56,1.081,0
02/01/2018 02:57,0.802,0
02/01/2018 02:58,1.358,0
02/01/2018 02:59,0.978,0
02/01/2018 03:00,0.707,0
02/01/2018 03:01,0.866,0
02/01/2018 03:02,0.776,0
02/01/2018 03:03,0.602,0
02/01/2018 03:04,0.842,0
02/01/2018 03:05,0.865,0
02/01/2018 03:06,0.735,0
02/01/2018 03:07,0.752,0
02/01/2018 03:08,0.828,0
02/01/2018 03:09,0.689,0
02/01/2018 03:10,0.824,0
02/01/2018 03:11,0.8,0
02/01/2018 03:12,0.712,0
02/01/2018 03:13,0.64,0
02/01/2018 03:14,0.757,0
02/01/2018 03:15,1.313,0
02/01/2018 03:16,1.501,0
02/01/2018 03:17,1.415,0
02/01/2018 03:18,1.479,0
02/01/2018 03:19,1.414,0
02/01/2018 03:20,1.427,0
02/01/2018 03:21,1.322,0
02/01/2018 03:22,1.467,0
02/01/2018 03:23,1.579,0
02/01/2018 03:24,1.37,0
02/01/2018 03:25,1.341,0
02/01/2018 03:26,1.385,0
02/01/2018 03:27,1.352,0
02/01/2018 03:28,1.33,0
02/01/2018 03:29,1.414,0
02/01/2018 03:30,0.713,0
02/01/2018 03:31,0.886,0
02/01/2018 03:32,0.742,0
02/01/2018 03:33,0.775,0
02/01/2018 03:34,0.838,0
02/01/2018 03:35,0.712,0
02/01/2018 03:36,0.886,0
02/01/2018 03:37,0.679,0
02/01/2018 03:38,0.662,0
02/01/2018 03:39,0.706,0
02/01/2018 03:40,0.731,0
02/01/2018 03:41,0.602,0
02/01/2018 03:42,0.739,0
02/01/2018 03:43,0.576,0
02/01/2018 03:44,0.882,0
02/01/2018 03:45,0.933,0
02/01/2018 03:46,0.877,0
02/01/2018 03:47,0.851,0
02/01/2018 03:48,0.903,0
02/01/2018 03:49,0.919,0
02/01/2018 03:50,0.837,0
02/01/2018 03:51,0.85,0
02/01/2018 03:52,0.923,0
02/01/2018 03:53,0.89,0
02/01/2018 03:54,1.036,0
02/01/2018 03:55,1.055,0
02/01/2018 03:56,0.943,0
02/01/2018 03:57,0.989,0
02/01/2018 03:58,0.808,0
02/01/2018 03:59,1.005,0
02/01/2018 04:00,0.443,0
02/01/2018 04:01,0.495,0
02/01/2018 04:02,0.606,0
02/01/2018 04:03,0.218,0
02/01/2018 04:04,0.472,0
02/01/2018 04:05,0.336,0
02/01/2018 04:06,0.505,0
02/01/2018 04:07,0.315,0
02/01/2018 04:08,0.397,0
02/01/2018 04:09,0.467,0
02/01/2018 04:10,0.508,0
02/01/2018 04:11,0.454,0
02/01/2018 04:12,0.367,0
02/01/2018 04:13,0.391,0
02/01/2018 04:14,0.535,0
02/01/2018 04:15,1.754,0
02/01/2018 04:16,1.586,0
02/01/2018 04:17,1.839,0
02/01/2018 04:18,1.796,0
02/01/2018 04:19,1.842,0
02/01/2018 04:20,1.721,0
02/01/2018 04:21,1.838,0
02/01/2018 04:22,1.649,0
02/01/2018 04:23,1.812,0
02/01/2018 04:24,1.706,0
02/01/2018 04:25,1.822,0
02/01/2018 04:26,1.855,0
02/01/2018 04:27,1.681,0
02/01/2018 04:28,1.75,0
02/01/2018 04:29,1.759,0
02/01/2018 04:30,1.29,0
02/01/2018 04:31,1.242,0
02/01/2018 04:32,1.049,0
02/01/2018 04:33,1.216,0
02/01/2018 04:34,1.245,0
02/01/2018 04:35,1.383,0
02/01/2018 04:36,1.003,0
02/01/2018 04:37,1.117,0
02/01/2018 04:38,1.304,0
02/01/2018 04:39,1.035,0
02/01/2018 04:40,1.051,0
02/01/2018 04:41,1.222,0
02/01/2018 04:42,1.272,0
02/01/2018 04:43,1.104,0
02/01/2018 04:44,1.225,0
02/01/2018 04:45,1.375,0
02/01/2018 04:46,1.516,0
02/01/2018 04:47,1.364,0
02/01/2018 04:48,1.463,0
02/01/2018 04:49,1.273,0
02/01/2018 04:50,1.345,0
02/01/2018 04:51,1.354,0
02/01/2018 04:52,1.478,0
02/01/2018 04:53,1.422,0
02/01/2018 04:54,1.289,0
02/01/2018 04:55,1.432,0
02/01/2018 04:56,1.441,0
02/01/2018 04:57,1.353,0
02/01/2018 04:58,1.338,0
02/01/2018 04:59,1.344,0
02/01/2018 05:00,2.506,0.07125
02/01/2018 05:01,2.695,0.07125
02/01/2018 05:02,2.699,0.07125
02/01/2018 05:03,2.589,0.07125
02/01/2018 05:04,2.75,0.07125
02/01/2018 05:05,2.538,0.07125
02/01/2018 05:06,2.62,0.07125
02/01/2018 05:07,2.628,0.07125
02/01/2018 05:08,2.874,0.07125
02/01/2018 05:09,2.516,0.07125
02/01/2018 05:10,2.732,0.07125
02/01/2018 05:11,2.77,0.07125
02/01/2018 05:12,2.713,0.07125
02/01/2018 05:13,2.794,0.07125
02/01/2018 05:14,2.575,0.07125
02/01/2018 05:15,1.19,0.07125
02/01/2018 05:16,1.495,0.07125
02/01/2018 05:17,1.299,0.07125
02/01/2018 05:18,1.386,0.07125
02/01/2018 05:19,1.3,0.07125
02/01/2018 05:20,1.524,0.07125
02/01/2018 05:21,1.505,0.07125
02/01/2018 05:22,1.346,0.07125
02/01/2018 05:23,1.509,0.07125
02/01/2018 05:24,1.431,0.07125
02/01/2018 05:25,1.404,0.07125
02/01/2018 05:26,1.424,0.07125
02/01/2018 05:27,1.398,0.07125
02/01/2018 05:28,1.48,0.07125
02/01/2018 05:29,1.449,0.07125
02/01/2018 05:30,2.928,0.07125
02/01/2018 05:31,3.063,0.07125
02/01/2018 05:32,2.902,0.07125
02/01/2018 05:33,2.992,0.07125
02/01/2018 05:34,3.005,0.07125
02/01/2018 05:35,3.111,0.07125
02/01/2018 05:36,2.912,0.07125
02/01/2018 05:37,3.137,0.07125
02/01/2018 05:38,2.98,0.07125
02/01/2018 05:39,2.943,0.07125
02/01/2018 05:40,2.896,0.07125
02/01/2018 05:41,3.022,0.07125
02/01/2018 05:42,2.968,0.07125
02/01/2018 05:43,2.853,0.07125
02/01/2018 05:44,2.85,0.07125
02/01/2018 05:45,5.014,0.07125
02/01/2018 05:46,5.002,0.07125
02/01/2018 05:47,5.178,0.07125
02/01/2018 05:48,5.207,0.07125
02/01/2018 05:49,5.156,0.07125
02/01/2018 05:50,5.105,0.07125
02/01/2018 05:51,5.026,0.07125
02/01/2018 05:52,5.075,0.07125
02/01/2018 05:53,5.158,0.07125
02/01/2018 05:54,5.282,0.07125
02/01/2018 05:55,5.161,0.07125
02/01/2018 05:56,5.041,0.07125
02/01/2018 05:57,5.073,0.07125
02/01/2018 05:58,5.021,0.07125
02/01/2018 05:59,4.991,0.07125
02/01/2018 06:00,4.752,0.209
02/01/2018 06:01,4.79,0.209
02/01/2018 06:02,4.954,0.209
02/01/2018 06:03,4.775,0.209
02/01/2018 06:04,4.906,0.209
02/01/2018 06:05,4.947,0.209
02/01/2018 06:06,4.778,0.209
02/01/2018 06:07,4.931,0.209
02/01/2018 06:08,4.842,0.209
02/01/2018 06:09,4.728,0.209
02/01/2018 06:10,4.797,0.209
02/01/2018 06:11,4.773,0.209
02/01/2018 06:12,4.747,0.209
02/01/2018 06:13,4.75,0.209
02/01/2018 06:14,4.785,0.209
02/01/2018 06:15,3.641,0.209
02/01/2018 06:16,3.509,0.209
02/01/2018 06:17,3.596,0.209
02/01/2018 06:18,3.445,0.209
02/01/2018 06:19,3.623,0.209
02/01/2018 06:20,3.659,0.209
02/01/2018 06:21,3.614,0.209
02/01/2018 06:22,3.626,0.209
02/01/2018 06:23,3.656,0.209
02/01/2018 06:24,3.531,0.209
02/01/2018 06:25,3.573,0.209
02/01/2018 06:26,3.648,0.209
02/01/2018 06:27,3.697,0.209
02/01/2018 06:28,3.637,0.209
02/01/2018 06:29,3.852,0.209
02/01/2018 06:30,3.094,0.209
02/01/2018 06:31,3.203,0.209
02/01/2018 06:32,3.23,0.209
02/01/2018 06:33,3.09,0.209
02/01/2018 06:34,3.021,0.209
02/01/2018 06:35,2.985,0.209
02/01/2018 06:36,3.12,0.209
02/01/2018 06:37,3.215,0.209
02/01/2018 06:38,3.131,0.209
02/01/2018 06:39,3.121,0.209
02/01/2018 06:40,3.066,0.209
02/01/2018 06:41,3.16,0.209
02/01/2018 06:42,2.89,0.209
02/01/2018 06:43,3.127,0.209
02/01/2018 06:44,3.106,0.209
02/01/2018 06:45,2.271,0.209
02/01/2018 06:46,2.625,0.209
02/01/2018 06:47,2.269,0.209
02/01/2018 06:48,2.3,0.209
02/01/2018 06:49,2.288,0.209
02/01/2018 06:50,2.519,0.209
02/01/2018 06:51,2.319,0.209
02/01/2018 06:52,2.475,0.209
02/01/2018 06:53,2.467,0.209
02/01/2018 06:54,2.434,0.209
02/01/2018 06:55,2.277,0.209
02/01/2018 06:56,2.347,0.209
02/01/2018 06:57,2.575,0.209
02/01/2018 06:58,2.279,0.209
02/01/2018 06:59,2.325,0.209
02/01/2018 07:00,1.992,0.437
02/01/2018 07:01,2.089,0.437
02/01/2018 07:02,2.033,0.437
02/01/2018 07:03,2.082,0.437
02/01/2018 07:04,1.901,0.437
02/01/2018 07:05,2.103,0.437
02/01/2018 07:06,2.065,0.437
02/01/2018 07:07,1.849,0.437
02/01/2018 07:08,2.162,0.437
02/01/2018 07:09,2.237,0.437
02/01/2018 07:10,1.931,0.437
02/01/2018 07:11,2.014,0.437
02/01/2018 07:12,2.148,0.437
02/01/2018 07:13,1.86,0.437
02/01/2018 07:14,1.809,0.437
02/01/2018 07:15,4.75,0.437
02/01/2018 07:16,4.823,0.437
02/01/2018 07:17,4.822,0.437
02/01/2018 07:18,4.94,0.437
02/01/2018 07:19,4.907,0.437
02/01/2018 07:20,4.755,0.437
02/01/2018 07:21,4.936,0.437
02/01/2018 07:22,5.067,0.437
02/01/2018 07:23,4.999,0.437
02/01/2018 07:24,4.979,0.437
02/01/2018 07:25,4.882,0.437
02/01/2018 07:26,4.978,0.437
02/01/2018 07:27,4.783,0.437
02/01/2018 07:28,4.955,0.437
02/01/2018 07:29,4.871,0.437
02/01/2018 07:30,3.153,0.437
02/01/2018 07:31,3.087,0.437
02/01/2018 07:32,2.931,0.437
02/01/2018 07:33,3.053,0.437
02/01/2018 07:34,3.162,0.437
02/01/2018 07:35,2.927,0.437
02/01/2018 07:36,2.984,0.437
02/01/2018 07:37,2.963,0.437
02/01/2018 07:38,2.891,0.437
02/01/2018 07:39,3.136,0.437
02/01/2018 07:40,3.171,0.437
02/01/2018 07:41,3.12,0.437
02/01/2018 07:42,3.065,0.437
02/01/2018 07:43,3.035,0.437
02/01/2018 07:44,3.064,0.437
02/01/2018 07:45,0.731,0.437
02/01/2018 07:46,0.893,0.437
02/01/2018 07:47,0.909,0.437
02/01/2018 07:48,0.897,0.437
02/01/2018 07:49,0.751,0.437
02/01/2018 07:50,0.812,0.437
02/01/2018 07:51,0.788,0.437
02/01/2018 07:52,0.983,0.437
02/01/2018 07:53,0.822,0.437
02/01/2018 07:54,0.616,0.437
02/01/2018 07:55,0.844,0.437
02/01/2018 07:56,0.992,0.437
02/01/2018 07:57,0.873,0.437
02/01/2018 07:58,0.892,0.437
02/01/2018 07:59,0.808,0.437
02/01/2018 08:00,2.118,1.197
02/01/2018 08:01,2.134,1.197
02/01/2018 08:02,2.19,1.197
02/01/2018 08:03,2.302,1.197
02/01/2018 08:04,2.346,1.197
02/01/2018 08:05,2.384,1.197
02/01/2018 08:06,2.281,1.197
02/01/2018 08:07,2.41,1.197
02/01/2018 08:08,2.287,1.197
02/01/2018 08:09,2.244,1.197
02/01/2018 08:10,2.4,1.197
02/01/2018 08:11,2.223,1.197
02/01/2018 08:12,2.042,1.197
02/01/2018 08:13,2.209,1.197
02/01/2018 08:14,2.324,1.197
02/01/2018 08:15,9.214,1.197
02/01/2018 08:16,9.486,1.197
02/01/2018 08:17,9.489,1.197
02/01/2018 08:18,9.379,1.197
02/01/2018 08:19,9.374,1.197
02/01/2018 08:20,9.476,1.197
02/01/2018 08:21,9.467,1.197
02/01/2018 08:22,9.648,1.197
02/01/2018 08:23,9.56,1.197
02/01/2018 08:24,9.364,1.197
02/01/2018 08:25,9.437,1.197
02/01/2018 08:26,9.593,1.197
02/01/2018 08:27,9.712,1.197
02/01/2018 08:28,9.561,1.197
02/01/2018 08:29,9.553,1.197
02/01/2018 08:30,8.76,1.197
02/01/2018 08:31,8.572,1.197
02/01/2018 08:32,8.543,1.197
02/01/2018 08:33,8.433,1.197
02/01/2018 08:34,8.523,1.197
02/01/2018 08:35,8.792,1.197
02/01/2018 08:36,8.432,1.197
02/01/2018 08:37,8.575,1.197
02/01/2018 08:38,8.433,1.197
02/01/2018 08:39,8.587,1.197
02/01/2018 08:40,8.663,1.197
02/01/2018 08:41,8.55,1.197
02/01/2018 08:42,8.647,1.197
02/01/2018 08:43,8.646,1.197
02/01/2018 08:44,8.619,1.197
02/01/2018 08:45,10.946,1.197
02/01/2018 08:46,10.852,1.197
02/01/2018 08:47,10.744,1.197
02/01/2018 08:48,10.706,1.197
02/01/2018 08:49,10.69,1.197
02/01/2018 08:50,10.822,1.197
02/01/2018 08:51,10.742,1.197
02/01/2018 08:52,11.047,1.197
02/01/2018 08:53,10.958,1.197
02/01/2018 08:54,10.753,1.197
02/01/2018 08:55,10.741,1.197
02/01/2018 08:56,10.943,1.197
02/01/2018 08:57,10.586,1.197
02/01/2018 08:58,10.729,1.197
02/01/2018 08:59,10.869,1.197
02/01/2018 09:00,4.398,1.55325
02/01/2018 09:01,4.441,1.55325
02/01/2018 09:02,4.454,1.55325
02/01/2018 09:03,4.555,1.55325
02/01/2018 09:04,4.503,1.55325
02/01/2018 09:05,4.529,1.55325
02/01/2018 09:06,4.549,1.55325
02/01/2018 09:07,4.492,1.55325
02/01/2018 09:08,4.6,1.55325
02/01/2018 09:09,4.416,1.55325
02/01/2018 09:10,4.346,1.55325
02/01/2018 09:11,4.311,1.55325
02/01/2018 09:12,4.327,1.55325
02/01/2018 09:13,4.434,1.55325
02/01/2018 09:14,4.592,1.55325
02/01/2018 09:15,8.161,1.55325
02/01/2018 09:16,8.084,1.55325
02/01/2018 09:17,8.036,1.55325
02/01/2018 09:18,8.091,1.55325
02/01/2018 09:19,8.103,1.55325
02/01/2018 09:20,8.087,1.55325
02/01/2018 09:21,8,1.55325
02/01/2018 09:22,8.096,1.55325
02/01/2018 09:23,8.245,1.55325
02/01/2018 09:24,7.926,1.55325
02/01/2018 09:25,8.119,1.55325
02/01/2018 09:26,7.931,1.55325
02/01/2018 09:27,8.162,1.55325
02/01/2018 09:28,8.069,1.55325
02/01/2018 09:29,7.935,1.55325
02/01/2018 09:30,7.806,1.55325
02/01/2018 09:31,7.978,1.55325
02/01/2018 09:32,7.807,1.55325
02/01/2018 09:33,7.912,1.55325
02/01/2018 09:34,7.789,1.55325
02/01/2018 09:35,7.58,1.55325
02/01/2018 09:36,7.845,1.55325
02/01/2018 09:37,7.754,1.55325
02/01/2018 09:38,7.65,1.55325
02/01/2018 09:39,7.874,1.55325
02/01/2018 09:40,7.824,1.55325
02/01/2018 09:41,7.743,1.55325
02/01/2018 09:42,7.883,1.55325
02/01/2018 09:43,7.709,1.55325
02/01/2018 09:44,7.86,1.55325
02/01/2018 09:45,4.835,1.55325
02/01/2018 09:46,4.983,1.55325
02/01/2018 09:47,4.819,1.55325
02/01/2018 09:48,5.078,1.55325
02/01/2018 09:49,4.955,1.55325
02/01/2018 09:50,5.073,1.55325
02/01/2018 09:51,4.847,1.55325
02/01/2018 09:52,4.882,1.55325
02/01/2018 09:53,5.013,1.55325
02/01/2018 09:54,4.655,1.55325
02/01/2018 09:55,4.823,1.55325
02/01/2018 09:56,5.033,1.55325
02/01/2018 09:57,4.976,1.55325
02/01/2018 09:58,5.027,1.55325
02/01/2018 09:59,4.898,1.55325
02/01/2018 10:00,8.78,1.82875
02/01/2018 10:01,8.651,1.82875
02/01/2018 10:02,8.587,1.82875
02/01/2018 10:03,8.555,1.82875
02/01/2018 10:04,8.669,1.82875
02/01/2018 10:05,8.669,1.82875
02/01/2018 10:06,8.661,1.82875
02/01/2018 10:07,8.369,1.82875
02/01/2018 10:08,8.524,1.82875
02/01/2018 10:09,8.671,1.82875
02/01/2018 10:10,8.753,1.82875
02/01/2018 10:11,8.666,1.82875
02/01/2018 10:12,8.636,1.82875
02/01/2018 10:13,8.493,1.82875
02/01/2018 10:14,8.926,1.82875
02/01/2018 10:15,9.985,1.82875
02/01/2018 10:16,10.264,1.82875
02/01/2018 10:17,10.252,1.82875
02/01/2018 10:18,10.123,1.82875
02/01/2018 10:19,10.038,1.82875
02/01/2018 10:20,10.109,1.82875
02/01/2018 10:21,9.98,1.82875
02/01/2018 10:22,10.122,1.82875
02/01/2018 10:23,10.096,1.82875
02/01/2018 10:24,10.149,1.82875
02/01/2018 10:25,10.191,1.82875
02/01/2018 10:26,10.269,1.82875
02/01/2018 10:27,10.057,1.82875
02/01/2018 10:28,10.2,1.82875
02/01/2018 10:29,10.016,1.82875
02/01/2018 10:30,8.381,1.82875
02/01/2018 10:31,8.408,1.82875
02/01/2018 10:32,8.372,1.82875
02/01/2018 10:33,8.568,1.82875
02/01/2018 10:34,8.563,1.82875
02/01/2018 10:35,8.597,1.82875
02/01/2018 10:36,8.468,1.82875
02/01/2018 10:37,8.498,1.82875
02/01/2018 10:38,8.412,1.82875
02/01/2018 10:39,8.355,1.82875
02/01/2018 10:40,8.515,1.82875
02/01/2018 10:41,8.497,1.82875
02/01/2018 10:42,8.36,1.82875
02/01/2018 10:43,8.529,1.82875
02/01/2018 10:44,8.296,1.82875
02/01/2018 10:45,6.696,1.82875
02/01/2018 10:46,6.651,1.82875
02/01/2018 10:47,6.661,1.82875
02/01/2018 10:48,6.606,1.82875
02/01/2018 10:49,6.809,1.82875
02/01/2018 10:50,6.771,1.82875
02/01/2018 10:51,6.832,1.82875
02/01/2018 10:52,6.727,1.82875
02/01/2018 10:53,6.584,1.82875
02/01/2018 10:54,6.676,1.82875
02/01/2018 10:55,6.595,1.82875
02/01/2018 10:56,6.759,1.82875
02/01/2018 10:57,6.834,1.82875
02/01/2018 10:58,6.746,1.82875
02/01/2018 10:59,6.653,1.82875
02/01/2018 11:00,9.95,1.1115
02/01/2018 11:01,10.007,1.1115
02/01/2018 11:02,9.842,1.1115
02/01/2018 11:03,10.001,1.1115
02/01/2018 11:04,10.006,1.1115
02/01/2018 11:05,9.932,1.1115
02/01/2018 11:06,9.945,1.1115
02/01/2018 11:07,10.003,1.1115
02/01/2018 11:08,9.904,1.1115
02/01/2018 11:09,9.904,1.1115
02/01/2018 11:10,10.064,1.1115
02/01/2018 11:11,10.008,1.1115
02/01/2018 11:12,10.154,1.1115
02/01/2018 11:13,9.887,1.1115
02/01/2018 11:14,9.808,1.1115
02/01/2018 11:15,8.139,1.1115
02/01/2018 11:16,8.141,1.1115
02/01/2018 11:17,7.971,1.1115
02/01/2018 11:18,7.898,1.1115
02/01/2018 11:19,8.04,1.1115
02/01/2018 11:20,7.87,1.1115
02/01/2018 11:21,8.011,1.1115
02/01/2018 11:22,7.827,1.1115
02/01/2018 11:23,8.021,1.1115
02/01/2018 11:24,7.832,1.1115
02/01/2018 11:25,8.021,1.1115
02/01/2018 11:26,8.196,1.1115
02/01/2018 11:27,8.018,1.1115
02/01/2018 11:28,8.121,1.1115
02/01/2018 11:29,7.98,1.1115
02/01/2018 11:30,6.989,1.1115
02/01/2018 11:31,6.928,1.1115
02/01/2018 11:32,7.182,1.1115
02/01/2018 11:33,7.072,1.1115
02/01/2018 11:34,7.24,1.1115
02/01/2018 11:35,6.96,1.1115
02/01/2018 11:36,7.055,1.1115
02/01/2018 11:37,7.086,1.1115
02/01/2018 11:38,7.219,1.1115
02/01/2018 11:39,7.26,1.1115
02/01/2018 11:40,7.012,1.1115
02/01/2018 11:41,6.964,1.1115
02/01/2018 11:42,6.904,1.1115
02/01/2018 11:43,7.211,1.1115
02/01/2018 11:44,7.068,1.1115
02/01/2018 11:45,8.982,1.1115
02/01/2018 11:46,9.042,1.1115
02/01/2018 11:47,8.791,1.1115
02/01/2018 11:48,8.875,1.1115
02/01/2018 11:49,9.141,1.1115
02/01/2018 11:50,9.087,1.1115
02/01/2018 11:51,9.062,1.1115
02/01/2018 11:52,8.947,1.1115
02/01/2018 11:53,9.106,1.1115
02/01/2018 11:54,9.225,1.1115
02/01/2018 11:55,8.924,1.1115
02/01/2018 11:56,9.048,1.1115
02/01/2018 11:57,9.003,1.1115
02/01/2018 11:58,9.083,1.1115
02/01/2018 11:59,9.048,1.1115
02/01/2018 12:00,3.844,1.13525
02/01/2018 12:01,3.77,1.13525
02/01/2018 12:02,3.857,1.13525
02/01/2018 12:03,3.797,1.13525
02/01/2018 12:04,3.844,1.13525
02/01/2018 12:05,3.852,1.13525
02/01/2018 12:06,3.924,1.13525
02/01/2018 12:07,3.8,1.13525
02/01/2018 12:08,3.826,1.13525
02/01/2018 12:09,3.966,1.13525
02/01/2018 12:10,3.837,1.13525
02/01/2018 12:11,3.832,1.13525
02/01/2018 12:12,3.945,1.13525
02/01/2018 12:13,3.886,1.13525
02/01/2018 12:14,3.868,1.13525
02/01/2018 12:15,2.474,1.13525
02/01/2018 12:16,2.328,1.13525
02/01/2018 12:17,2.498,1.13525
02/01/2018 12:18,2.584,1.13525
02/01/2018 12:19,2.51,1.13525
02/01/2018 12:20,2.296,1.13525
02/01/2018 12:21,2.48,1.13525
02/01/2018 12:22,2.362,1.13525
02/01/2018 12:23,2.43,1.13525
02/01/2018 12:24,2.465,1.13525
02/01/2018 12:25,2.333,1.13525
02/01/2018 12:26,2.586,1.13525
02/01/2018 12:27,2.446,1.13525
02/01/2018 12:28,2.532,1.13525
02/01/2018 12:29,2.516,1.13525
02/01/2018 12:30,2.369,1.13525
02/01/2018 12:31,2.354,1.13525
02/01/2018 12:32,2.087,1.13525
02/01/2018 12:33,2.239,1.13525
02/01/2018 12:34,2.021,1.13525
02/01/2018 12:35,2.19,1.13525
02/01/2018 12:36,2.306,1.13525
02/01/2018 12:37,2.326,1.13525
02/01/2018 12:38,2.364,1.13525
02/01/2018 12:39,2.197,1.13525
02/01/2018 12:40,2.267,1.13525
02/01/2018 12:41,2.245,1.13525
02/01/2018 12:42,2.362,1.13525
02/01/2018 12:43,2.394,1.13525
02/01/2018 12:44,2.199,1.13525
02/01/2018 12:45,2.773,1.13525
02/01/2018 12:46,2.395,1.13525
02/01/2018 12:47,2.358,1.13525
02/01/2018 12:48,2.455,1.13525
02/01/2018 12:49,2.471,1.13525
02/01/2018 12:50,2.45,1.13525
02/01/2018 12:51,2.33,1.13525
02/01/2018 12:52,2.543,1.13525
02/01/2018 12:53,2.401,1.13525
02/01/2018 12:54,2.549,1.13525
02/01/2018 12:55,2.535,1.13525
02/01/2018 12:56,2.268,1.13525
02/01/2018 12:57,2.298,1.13525
02/01/2018 12:58,2.296,1.13525
02/01/2018 12:59,2.421,1.13525
02/01/2018 13:00,1.567,1.0925
02/01/2018 13:01,1.589,1.0925
02/01/2018 13:02,1.481,1.0925
02/01/2018 13:03,1.605,1.0925
02/01/2018 13:04,1.703,1.0925
02/01/2018 13:05,1.429,1.0925
02/01/2018 13:06,1.543,1.0925
02/01/2018 13:07,1.587,1.0925
02/01/2018 13:08,1.549,1.0925
02/01/2018 13:09,1.543,1.0925
02/01/2018 13:10,1.739,1.0925
02/01/2018 13:11,1.691,1.0925
02/01/2018 13:12,1.647,1.0925
02/01/2018 13:13,1.486,1.0925
02/01/2018 13:14,1.787,1.0925
02/01/2018 13:15,2.46,1.0925
02/01/2018 13:16,2.366,1.0925
02/01/2018 13:17,2.39,1.0925
02/01/2018 13:18,2.375,1.0925
02/01/2018 13:19,2.636,1.0925
02/01/2018 13:20,2.444,1.0925
02/01/2018 13:21,2.43,1.0925
02/01/2018 13:22,2.208,1.0925
02/01/2018 13:23,2.497,1.0925
02/01/2018 13:24,2.318,1.0925
02/01/2018 13:25,2.311,1.0925
02/01/2018 13:26,2.485,1.0925
02/01/2018 13:27,2.337,1.0925
02/01/2018 13:28,2.507,1.0925
02/01/2018 13:29,2.536,1.0925
02/01/2018 13:30,1.383,1.0925
02/01/2018 13:31,1.549,1.0925
02/01/2018 13:32,1.405,1.0925
02/01/2018 13:33,1.556,1.0925
02/01/2018 13:34,1.653,1.0925
02/01/2018 13:35,1.426,1.0925
02/01/2018 13:36,1.742,1.0925
02/01/2018 13:37,1.531,1.0925
02/01/2018 13:38,1.444,1.0925
02/01/2018 13:39,1.55,1.0925
02/01/2018 13:40,1.641,1.0925
02/01/2018 13:41,1.424,1.0925
02/01/2018 13:42,1.562,1.0925
02/01/2018 13:43,1.425,1.0925
02/01/2018 13:44,1.682,1.0925
02/01/2018 13:45,1.316,1.0925
02/01/2018 13:46,1.258,1.0925
02/01/2018 13:47,1.404,1.0925
02/01/2018 13:48,1.172,1.0925
02/01/2018 13:49,1.261,1.0925
02/01/2018 13:50,1.485,1.0925
02/01/2018 13:51,1.288,1.0925
02/01/2018 13:52,1.436,1.0925
02/01/2018 13:53,1.32,1.0925
02/01/2018 13:54,1.231,1.0925
02/01/2018 13:55,1.276,1.0925
02/01/2018 13:56,1.308,1.0925
02/01/2018 13:57,1.26,1.0925
02/01/2018 13:58,1.218,1.0925
02/01/2018 13:59,1.222,1.0925
02/01/2018 14:00,2.379,0.9785
02/01/2018 14:01,2.538,0.9785
02/01/2018 14:02,2.567,0.9785
02/01/2018 14:03,2.602,0.9785
02/01/2018 14:04,2.347,0.9785
02/01/2018 14:05,2.608,0.9785
02/01/2018 14:06,2.526,0.9785
02/01/2018 14:07,2.384,0.9785
02/01/2018 14:08,2.537,0.9785
02/01/2018 14:09,2.609,0.9785
02/01/2018 14:10,2.58,0.9785
02/01/2018 14:11,2.6,0.9785
02/01/2018 14:12,2.622,0.9785
02/01/2018 14:13,2.617,0.9785
02/01/2018 14:14,2.524,0.9785
02/01/2018 14:15,2.333,0.9785
02/01/2018 14:16,2.465,0.9785
02/01/2018 14:17,2.577,0.9785
02/01/2018 14:18,2.494,0.9785
02/01/2018 14:19,2.609,0.9785
02/01/2018 14:20,2.621,0.9785
02/01/2018 14:21,2.546,0.9785
02/01/2018 14:22,2.729,0.9785
02/01/2018 14:23,2.443,0.9785
02/01/2018 14:24,2.634,0.9785
02/01/2018 14:25,2.494,0.9785
02/01/2018 14:26,2.463,0.9785
02/01/2018 14:27,2.6,0.9785
02/01/2018 14:28,2.479,0.9785
02/01/2018 14:29,2.627,0.9785
02/01/2018 14:30,2.46,0.9785
02/01/2018 14:31,2.58,0.9785
02/01/2018 14:32,2.493,0.9785
02/01/2018 14:33,2.553,0.9785
02/01/2018 14:34,2.54,0.9785
02/01/2018 14:35,2.464,0.9785
02/01/2018 14:36,2.643,0.9785
02/01/2018 14:37,2.452,0.9785
02/01/2018 14:38,2.479,0.9785
02/01/2018 14:39,2.666,0.9785
02/01/2018 14:40,2.674,0.9785
02/01/2018 14:41,2.644,0.9785
02/01/2018 14:42,2.611,0.9785
02/01/2018 14:43,2.805,0.9785
02/01/2018 14:44,2.456,0.9785
02/01/2018 14:45,1.889,0.9785
02/01/2018 14:46,1.864,0.9785
02/01/2018 14:47,2.053,0.9785
02/01/2018 14:48,1.992,0.9785
02/01/2018 14:49,2.074,0.9785
02/01/2018 14:50,2.06,0.9785
02/01/2018 14:51,1.941,0.9785
02/01/2018 14:52,1.881,0.9785
02/01/2018 14:53,1.864,0.9785
02/01/2018 14:54,2.184,0.9785
02/01/2018 14:55,2.06,0.9785
02/01/2018 14:56,2.023,0.9785
02/01/2018 14:57,1.929,0.9785
02/01/2018 14:58,1.943,0.9785
02/01/2018 14:59,1.929,0.9785
02/01/2018 15:00,1.666,0.81225
02/01/2018 15:01,1.458,0.81225
02/01/2018 15:02,1.692,0.81225
02/01/2018 15:03,1.66,0.81225
02/01/2018 15:04,1.727,0.81225
02/01/2018 15:05,1.719,0.81225
02/01/2018 15:06,1.784,0.81225
02/01/2018 15:07,1.697,0.81225
02/01/2018 15:08,1.778,0.81225
02/01/2018 15:09,1.442,0.81225
02/01/2018 15:10,1.588,0.81225
02/01/2018 15:11,1.871,0.81225
02/01/2018 15:12,1.576,0.81225
02/01/2018 15:13,1.67,0.81225
02/01/2018 15:14,1.769,0.81225
02/01/2018 15:15,0.684,0.81225
02/01/2018 15:16,0.845,0.81225
02/01/2018 15:17,0.629,0.81225
02/01/2018 15:18,0.581,0.81225
02/01/2018 15:19,0.639,0.81225
02/01/2018 15:20,0.607,0.81225
02/01/2018 15:21,0.771,0.81225
02/01/2018 15:22,0.741,0.81225
02/01/2018 15:23,0.805,0.81225
02/01/2018 15:24,0.669,0.81225
02/01/2018 15:25,1.027,0.81225
02/01/2018 15:26,0.763,0.81225
02/01/2018 15:27,0.768,0.81225
02/01/2018 15:28,0.818,0.81225
02/01/2018 15:29,0.748,0.81225
02/01/2018 15:30,2.122,0.81225
02/01/2018 15:31,2.194,0.81225
02/01/2018 15:32,2.277,0.81225
02/01/2018 15:33,2.252,0.81225
02/01/2018 15:34,2.28,0.81225
02/01/2018 15:35,2.129,0.81225
02/01/2018 15:36,2.108,0.81225
02/01/2018 15:37,2.386,0.81225
02/01/2018 15:38,2.162,0.81225
02/01/2018 15:39,2.233,0.81225
02/01/2018 15:40,2.259,0.81225
02/01/2018 15:41,2.328,0.81225
02/01/2018 15:42,2.051,0.81225
02/01/2018 15:43,2.138,0.81225
02/01/2018 15:44,2.142,0.81225
02/01/2018 15:45,2.26,0.81225
02/01/2018 15:46,2.049,0.81225
02/01/2018 15:47,2.281,0.81225
02/01/2018 15:48,2.001,0.81225
02/01/2018 15:49,2.32,0.81225
02/01/2018 15:50,2.344,0.81225
02/01/2018 15:51,2.35,0.81225
02/01/2018 15:52,2.17,0.81225
02/01/2018 15:53,2.386,0.81225
02/01/2018 15:54,2.204,0.81225
02/01/2018 15:55,2.168,0.81225
02/01/2018 15:56,2.192,0.81225
02/01/2018 15:57,2.206,0.81225
02/01/2018 15:58,2.308,0.81225
02/01/2018 15:59,2.373,0.81225
02/01/2018 16:00,5.765,0.60325
02/01/2018 16:01,5.921,0.60325
02/01/2018 16:02,6.066,0.60325
02/01/2018 16:03,5.996,0.60325
02/01/2018 16:04,6.027,0.60325
02/01/2018 16:05,5.826,0.60325
02/01/2018 16:06,6.071,0.60325
02/01/2018 16:07,5.82,0.60325
02/01/2018 16:08,5.995,0.60325
02/01/2018 16:09,6.113,0.60325
02/01/2018 16:10,6.164,0.60325
02/01/2018 16:11,6.028,0.60325
02/01/2018 16:12,6.065,0.60325
02/01/2018 16:13,5.916,0.60325
02/01/2018 16:14,5.928,0.60325
02/01/2018 16:15,4.54,0.60325
02/01/2018 16:16,4.423,0.60325
02/01/2018 16:17,4.41,0.60325
02/01/2018 16:18,4.282,0.60325
02/01/2018 16:19,4.438,0.60325
02/01/2018 16:20,4.487,0.60325
02/01/2018 16:21,4.343,0.60325
02/01/2018 16:22,4.372,0.60325
02/01/2018 16:23,4.581,0.60325
02/01/2018 16:24,4.441,0.60325
02/01/2018 16:25,4.394,0.60325
02/01/2018 16:26,4.309,0.60325
02/01/2018 16:27,4.361,0.60325
02/01/2018 16:28,4.398,0.60325
02/01/2018 16:29,4.56,0.60325
02/01/2018 16:30,4.151,0.60325
02/01/2018 16:31,4.391,0.60325
02/01/2018 16:32,4.119,0.60325
02/01/2018 16:33,4.176,0.60325
02/01/2018 16:34,4.296,0.60325
02/01/2018 16:35,4.188,0.60325
02/01/2018 16:36,4.129,0.60325
02/01/2018 16:37,4.198,0.60325
02/01/2018 16:38,4.256,0.60325
02/01/2018 16:39,4.04,0.60325
02/01/2018 16:40,4.187,0.60325
02/01/2018 16:41,4.201,0.60325
02/01/2018 16:42,4.171,0.60325
02/01/2018 16:43,4.285,0.60325
02/01/2018 16:44,4.155,0.60325
02/01/2018 16:45,5.32,0.60325
02/01/2018 16:46,5.36,0.60325
02/01/2018 16:47,5.43,0.60325
02/01/2018 16:48,5.335,0.60325
02/01/2018 16:49,5.508,0.60325
02/01/2018 16:50,5.266,0.60325
02/01/2018 16:51,5.485,0.60325
02/01/2018 16:52,5.271,0.60325
02/01/2018 16:53,5.34,0.60325
02/01/2018 16:54,5.393,0.60325
02/01/2018 16:55,5.562,0.60325
02/01/2018 16:56,5.446,0.60325
02/01/2018 16:57,5.316,0.60325
02/01/2018 16:58,5.487,0.60325
02/01/2018 16:59,5.335,0.60325
02/01/2018 17:00,5.781,0.665
02/01/2018 17:01,5.905,0.665
02/01/2018 17:02,5.869,0.665
02/01/2018 17:03,5.955,0.665
02/01/2018 17:04,5.805,0.665
02/01/2018 17:05,5.898,0.665
02/01/2018 17:06,5.923,0.665
02/01/2018 17:07,5.888,0.665
02/01/2018 17:08,5.857,0.665
02/01/2018 17:09,5.79,0.665
02/01/2018 17:10,5.95,0.665
02/01/2018 17:11,5.874,0.665
02/01/2018 17:12,5.909,0.665
02/01/2018 17:13,5.825,0.665
02/01/2018 17:14,5.861,0.665
02/01/2018 17:15,6.691,0.665
02/01/2018 17:16,6.804,0.665
02/01/2018 17:17,6.871,0.665
02/01/2018 17:18,6.804,0.665
02/01/2018 17:19,6.881,0.665
02/01/2018 17:20,6.826,0.665
02/01/2018 17:21,6.931,0.665
02/01/2018 17:22,6.776,0.665
02/01/2018 17:23,6.631,0.665
02/01/2018 17:24,6.838,0.665
02/01/2018 17:25,6.778,0.665
02/01/2018 17:26,6.698,0.665
02/01/2018 17:27,6.86,0.665
02/01/2018 17:28,6.821,0.665
02/01/2018 17:29,6.84,0.665
02/01/2018 17:30,3.933,0.665
02/01/2018 17:31,3.986,0.665
02/01/2018 17:32,3.991,0.665
02/01/2018 17:33,4.143,0.665
02/01/2018 17:34,3.897,0.665
02/01/2018 17:35,3.965,0.665
02/01/2018 17:36,4.002,0.665
02/01/2018 17:37,3.793,0.665
02/01/2018 17:38,3.806,0.665
02/01/2018 17:39,4.182,0.665
02/01/2018 17:40,3.789,0.665
02/01/2018 17:41,4.023,0.665
02/01/2018 17:42,3.881,0.665
02/01/2018 17:43,3.889,0.665
02/01/2018 17:44,3.768,0.665
02/01/2018 17:45,4.865,0.665
02/01/2018 17:46,5.034,0.665
02/01/2018 17:47,4.817,0.665
02/01/2018 17:48,5.015,0.665
02/01/2018 17:49,4.987,0.665
02/01/2018 17:50,5.157,0.665
02/01/2018 17:51,4.908,0.665
02/01/2018 17:52,5.082,0.665
02/01/2018 17:53,5.044,0.665
02/01/2018 17:54,4.927,0.665
02/01/2018 17:55,4.789,0.665
02/01/2018 17:56,5.106,0.665
02/01/2018 17:57,4.819,0.665
02/01/2018 17:58,4.908,0.665
02/01/2018 17:59,5.044,0.665
02/01/2018 18:00,6.364,0.50825
02/01/2018 18:01,6.167,0.50825
02/01/2018 18:02,6.249,0.50825
02/01/2018 18:03,6.226,0.50825
02/01/2018 18:04,6.37,0.50825
02/01/2018 18:05,6.502,0.50825
02/01/2018 18:06,6.069,0.50825
02/01/2018 18:07,6.344,0.50825
02/01/2018 18:08,5.966,0.50825
02/01/2018 18:09,6.253,0.50825
02/01/2018 18:10,6.141,0.50825
02/01/2018 18:11,6.451,0.50825
02/01/2018 18:12,6.269,0.50825
02/01/2018 18:13,6.178,0.50825
02/01/2018 18:14,6.202,0.50825
02/01/2018 18:15,4.748,0.50825
02/01/2018 18:16,4.824,0.50825
02/01/2018 18:17,4.789,0.50825
02/01/2018 18:18,4.871,0.50825
02/01/2018 18:19,4.959,0.50825
02/01/2018 18:20,4.875,0.50825
02/01/2018 18:21,4.682,0.50825
02/01/2018 18:22,4.643,0.50825
02/01/2018 18:23,4.73,0.50825
02/01/2018 18:24,4.91,0.50825
02/01/2018 18:25,4.772,0.50825
02/01/2018 18:26,4.738,0.50825
02/01/2018 18:27,4.819,0.50825
02/01/2018 18:28,4.663,0.50825
02/01/2018 18:29,4.691,0.50825
02/01/2018 18:30,5.277,0.50825
02/01/2018 18:31,5.196,0.50825
02/01/2018 18:32,5.181,0.50825
02/01/2018 18:33,5.258,0.50825
02/01/2018 18:34,5.168,0.50825
02/01/2018 18:35,5.158,0.50825
02/01/2018 18:36,5.18,0.50825
02/01/2018 18:37,5.287,0.50825
02/01/2018 18:38,5.232,0.50825
02/01/2018 18:39,5.107,0.50825
02/01/2018 18:40,5.196,0.50825
02/01/2018 18:41,5.291,0.50825
02/01/2018 18:42,5.413,0.50825
02/01/2018 18:43,5.112,0.50825
02/01/2018 18:44,5.26,0.50825
02/01/2018 18:45,4.037,0.50825
02/01/2018 18:46,4.145,0.50825
02/01/2018 18:47,4.107,0.50825
02/01/2018 18:48,4.21,0.50825
02/01/2018 18:49,4.114,0.50825
02/01/2018 18:50,4.008,0.50825
02/01/2018 18:51,4.009,0.50825
02/01/2018 18:52,4.103,0.50825
02/01/2018 18:53,4.102,0.50825
02/01/2018 18:54,4.302,0.50825
02/01/2018 18:55,4.23,0.50825
02/01/2018 18:56,3.945,0.50825
02/01/2018 18:57,4.098,0.50825
02/01/2018 18:58,3.929,0.50825
02/01/2018 18:59,3.897,0.50825
02/01/2018 19:00,8.973,0.07125
02/01/2018 19:01,8.954,0.07125
02/01/2018 19:02,8.795,0.07125
02/01/2018 19:03,9.063,0.07125
02/01/2018 19:04,8.801,0.07125
02/01/2018 19:05,8.782,0.07125
02/01/2018 19:06,8.964,0.07125
02/01/2018 19:07,8.921,0.07125
02/01/2018 19:08,8.883,0.07125
02/01/2018 19:09,8.892,0.07125
02/01/2018 19:10,8.921,0.07125
02/01/2018 19:11,8.885,0.07125
02/01/2018 19:12,8.882,0.07125
02/01/2018 19:13,8.709,0.07125
02/01/2018 19:14,8.765,0.07125
02/01/2018 19:15,10.859,0.07125
02/01/2018 19:16,10.728,0.07125
02/01/2018 19:17,10.852,0.07125
02/01/2018 19:18,10.921,0.07125
02/01/2018 19:19,10.762,0.07125
02/01/2018 19:20,10.826,0.07125
02/01/2018 19:21,11.006,0.07125
02/01/2018 19:22,10.867,0.07125
02/01/2018 19:23,10.982,0.07125
02/01/2018 19:24,10.951,0.07125
02/01/2018 19:25,10.873,0.07125
02/01/2018 19:26,10.787,0.07125
02/01/2018 19:27,10.714,0.07125
02/01/2018 19:28,10.687,0.07125
02/01/2018 19:29,10.847,0.07125
02/01/2018 19:30,9.989,0.07125
02/01/2018 19:31,9.924,0.07125
02/01/2018 19:32,10.027,0.07125
02/01/2018 19:33,9.881,0.07125
02/01/2018 19:34,10.053,0.07125
02/01/2018 19:35,9.946,0.07125
02/01/2018 19:36,9.938,0.07125
02/01/2018 19:37,9.942,0.07125
02/01/2018 19:38,9.932,0.07125
02/01/2018 19:39,10.191,0.07125
02/01/2018 19:40,9.781,0.07125
02/01/2018 19:41,9.959,0.07125
02/01/2018 19:42,10.066,0.07125
02/01/2018 19:43,10.013,0.07125
02/01/2018 19:44,9.911,0.07125
02/01/2018 19:45,10.377,0.07125
02/01/2018 19:46,10.096,0.07125
02/01/2018 19:47,10.072,0.07125
02/01/2018 19:48,10.26,0.07125
02/01/2018 19:49,10.058,0.07125
02/01/2018 19:50,9.965,0.07125
02/01/2018 19:51,10.291,0.07125
02/01/2018 19:52,10.279,0.07125
02/01/2018 19:53,10.276,0.07125
02/01/2018 19:54,10.154,0.07125
02/01/2018 19:55,10.221,0.07125
02/01/2018 19:56,10.107,0.07125
02/01/2018 19:57,10.376,0.07125
02/01/2018 19:58,10.282,0.07125
02/01/2018 19:59,10.277,0.07125
02/01/2018 20:00,9.218,0
02/01/2018 20:01,9.494,0
02/01/2018 20:02,9.563,0
02/01/2018 20:03,9.535,0
02/01/2018 20:04,9.492,0
02/01/2018 20:05,9.413,0
02/01/2018 20:06,9.379,0
02/01/2018 20:07,9.474,0
02/01/2018 20:08,9.452,0
02/01/2018 20:09,9.437,0
02/01/2018 20:10,9.383,0
02/01/2018 20:11,9.582,0
02/01/2018 20:12,9.297,0
02/01/2018 20:13,9.411,0
02/01/2018 20:14,9.355,0
02/01/2018 20:15,4.759,0
02/01/2018 20:16,4.799,0
02/01/2018 20:17,4.78,0
02/01/2018 20:18,4.731,0
02/01/2018 20:19,4.515,0
02/01/2018 20:20,4.864,0
02/01/2018 20:21,4.707,0
02/01/2018 20:22,4.645,0
02/01/2018 20:23,4.658,0
02/01/2018 20:24,4.622,0
02/01/2018 20:25,4.698,0
02/01/2018 20:26,4.687,0
02/01/2018 20:27,4.62,0
02/01/2018 20:28,4.399,0
02/01/2018 20:29,4.652,0
02/01/2018 20:30,5.415,0
02/01/2018 20:31,5.42,0
02/01/2018 20:32,5.352,0
02/01/2018 20:33,5.412,0
02/01/2018 20:34,5.47,0
02/01/2018 20:35,5.32,0
02/01/2018 20:36,5.514,0
02/01/2018 20:37,5.171,0
02/01/2018 20:38,5.241,0
02/01/2018 20:39,5.276,0
02/01/2018 20:40,5.123,0
02/01/2018 20:41,5.267,0
02/01/2018 20:42,5.492,0
02/01/2018 20:43,5.491,0
02/01/2018 20:44,5.377,0
02/01/2018 20:45,4.772,0
02/01/2018 20:46,4.624,0
02/01/2018 20:47,4.55,0
02/01/2018 20:48,4.624,0
02/01/2018 20:49,4.586,0
02/01/2018 20:50,4.673,0
02/01/2018 20:51,4.449,0
02/01/2018 20:52,4.7,0
02/01/2018 20:53,4.554,0
02/01/2018 20:54,4.685,0
02/01/2018 20:55,4.446,0
02/01/2018 20:56,4.558,0
02/01/2018 20:57,4.607,0
02/01/2018 20:58,4.69,0
02/01/2018 20:59,4.478,0
02/01/2018 21:00,3.126,0
02/01/2018 21:01,3.007,0
02/01/2018 21:02,2.907,0
02/01/2018 21:03,3.081,0
02/01/2018 21:04,2.969,0
02/01/2018 21:05,3.075,0
02/01/2018 21:06,3.192,0
02/01/2018 21:07,3.036,0
02/01/2018 21:08,2.907,0
02/01/2018 21:09,2.917,0
02/01/2018 21:10,3.017,0
02/01/2018 21:11,2.988,0
02/01/2018 21:12,2.876,0
02/01/2018 21:13,2.892,0
02/01/2018 21:14,3.026,0
02/01/2018 21:15,0.702,0
02/01/2018 21:16,0.205,0
02/01/2018 21:17,0.54,0
02/01/2018 21:18,0.447,0
02/01/2018 21:19,0.546,0
02/01/2018 21:20,0.554,0
02/01/2018 21:21,0.473,0
02/01/2018 21:22,0.366,0
02/01/2018 21:23,0.328,0
02/01/2018 21:24,0.28,0
02/01/2018 21:25,0.59,0
02/01/2018 21:26,0.447,0
02/01/2018 21:27,0.414,0
02/01/2018 21:28,0.44,0
02/01/2018 21:29,0.334,0
02/01/2018 21:30,2.967,0
02/01/2018 21:31,3.068,0
02/01/2018 21:32,3.05,0
02/01/2018 21:33,2.78,0
02/01/2018 21:34,3.073,0
02/01/2018 21:35,2.86,0
02/01/2018 21:36,2.745,0
02/01/2018 21:37,2.814,0
02/01/2018 21:38,2.84,0
02/01/2018 21:39,2.936,0
02/01/2018 21:40,2.833,0
02/01/2018 21:41,2.785,0
02/01/2018 21:42,2.91,0
02/01/2018 21:43,3.129,0
02/01/2018 21:44,2.866,0
02/01/2018 21:45,1.07,0
02/01/2018 21:46,1.032,0
02/01/2018 21:47,1.29,0
02/01/2018 21:48,0.834,0
02/01/2018 21:49,1.133,0
02/01/2018 21:50,0.896,0
02/01/2018 21:51,0.965,0
02/01/2018 21:52,1.014,0
02/01/2018 21:53,1.343,0
02/01/2018 21:54,0.948,0
02/01/2018 21:55,0.835,0
02/01/2018 21:56,1.154,0
02/01/2018 21:57,0.94,0
02/01/2018 21:58,1,0
02/01/2018 21:59,1.021,0
02/01/2018 22:00,1.691,0
02/01/2018 22:01,1.665,0
02/01/2018 22:02,1.709,0
02/01/2018 22:03,1.72,0
02/01/2018 22:04,1.767,0
02/01/2018 22:05,1.639,0
02/01/2018 22:06,1.607,0
02/01/2018 22:07,1.575,0
02/01/2018 22:08,1.741,0
02/01/2018 22:09,1.677,0
02/01/2018 22:10,1.737,0
02/01/2018 22:11,1.736,0
02/01/2018 22:12,1.85,0
02/01/2018 22:13,1.702,0
02/01/2018 22:14,1.757,0
02/01/2018 22:15,1.403,0
02/01/2018 22:16,1.415,0
02/01/2018 22:17,1.492,0
02/01/2018 22:18,1.401,0
02/01/2018 22:19,1.592,0
02/01/2018 22:20,1.39,0
02/01/2018 22:21,1.53,0
02/01/2018 22:22,1.277,0
02/01/2018 22:23,1.413,0
02/01/2018 22:24,1.489,0
02/01/2018 22:25,1.497,0
02/01/2018 22:26,1.344,0
02/01/2018 22:27,1.534,0
02/01/2018 22:28,1.621,0
02/01/2018 22:29,1.588,0
02/01/2018 22:30,2.434,0
02/01/2018 22:31,2.441,0
02/01/2018 22:32,2.381,0
02/01/2018 22:33,2.563,0
02/01/2018 22:34,2.644,0
02/01/2018 22:35,2.447,0
02/01/2018 22:36,2.33,0
02/01/2018 22:37,2.52,0
02/01/2018 22:38,2.57,0
02/01/2018 22:39,2.227,0
02/01/2018 22:40,2.513,0
02/01/2018 22:41,2.716,0
02/01/2018 22:42,2.582,0
02/01/2018 22:43,2.555,0
02/01/2018 22:44,2.54,0
02/01/2018 22:45,0.185,0
02/01/2018 22:46,0,0
02/01/2018 22:47,0,0
02/01/2018 22:48,0.12,0
02/01/2018 22:49,0.011,0
02/01/2018 22:50,0.105,0
02/01/2018 22:51,0,0
02/01/2018 22:52,0.155,0
02/01/2018 22:53,0.164,0
02/01/2018 22:54,0.084,0
02/01/2018 22:55,0.096,0
02/01/2018 22:56,0.241,0
02/01/2018 22:57,0,0
02/01/2018 22:58,0,0
02/01/2018 22:59,0,0
02/01/2018 23:00,0.694,0
02/01/2018 23:01,0.636,0
02/01/2018 23:02,0.741,0
02/01/2018 23:03,0.672,0
02/01/2018 23:04,0.592,0
02/01/2018 23:05,0.582,0
02/01/2018 23:06,0.858,0
02/01/2018 23:07,0.73,0
02/01/2018 23:08,0.714,0
02/01/2018 23:09,0.74,0
02/01/2018 23:10,0.729,0
02/01/2018 23:11,0.813,0
02/01/2018 23:12,0.793,0
02/01/2018 23:13,0.678,0
02/01/2018 23:14,0.655,0
02/01/2018 23:15,0,0
02/01/2018 23:16,0,0
02/01/2018 23:17,0.14,0
02/01/2018 23:18,0,0
02/01/2018 23:19,0,0
02/01/2018 23:20,0,0
02/01/2018 23:21,0,0
02/01/2018 23:22,0.033,0
02/01/2018 23:23,0,0
02/01/2018 23:24,0.053,0
02/01/2018 23:25,0.039,0
02/01/2018 23:26,0.127,0
02/01/2018 23:27,0.217,0
02/01/2018 23:28,0.285,0
02/01/2018 23:29,0.135,0
02/01/2018 23:30,0.248,0
02/01/2018 23:31,0.324,0
02/01/2018 23:32,0.389,0
02/01/2018 23:33,0.571,0
02/01/2018 23:34,0.432,0
02/01/2018 23:35,0.485,0
02/01/2018 23:36,0.347,0
02/01/2018 23:37,0.423,0
02/01/2018 23:38,0.436,0
02/01/2018 23:39,0.319,0
02/01/2018 23:40,0.442,0
02/01/2018 23:41,0.471,0
02/01/2018 23:42,0.348,0
02/01/2018 23:43,0.466,0
02/01/2018 23:44,0.529,0
02/01/2018 23:45,1.808,0
02/01/2018 23:46,1.801,0
02/01/2018 23:47,1.77,0
02/01/2018 23:48,1.739,0
02/01/2018 23:49,1.817,0
02/01/2018 23:50,1.76,0
02/01/2018 23:51,1.77,0
02/01/2018 23:52,1.724,0
02/01/2018 23:53,1.648,0
02/01/2018 23:54,1.707,0
02/01/2018 23:55,1.834,0
02/01/2018 23:56,1.683,0
02/01/2018 23:57,1.736,0
02/01/2018 23:58,1.965,0
02/01/2018 23:59,1.914,0
03/01/2018 00:00,0.659,0
